Date,GroupID,Winner,Loser
9/10/19,109,7_BB,8_GY
9/10/19,109,7_BB,8_GY
9/10/19,109,7_BB,8_GY
9/11/19,109,8_GY,7_BB
9/12/19,109,8_GY,7_BB
9/12/19,109,8_GY,7_BB
9/13/19,109,7_BB,8_GY
9/13/19,109,8_GY,7_BB
9/13/19,109,8_GY,7_BB
9/13/19,109,8_GY,7_BB
9/13/19,109,8_GY,7_BB
9/13/19,109,8_GY,7_BB
9/13/19,109,8_GY,7_BB
9/13/19,109,8_GY,7_BB
9/13/19,109,8_GY,7_BB
9/13/19,109,8_GY,7_BB
9/13/19,109,8_GY,7_BB
9/13/19,109,8_GY,7_BB
9/13/19,109,8_GY,7_BB
9/13/19,109,8_GY,7_BB
9/13/19,109,8_GY,7_BB
9/13/19,109,8_GY,7_BB
9/13/19,109,8_GY,7_BB
9/13/19,109,8_GY,7_BB
9/18/19,109,7_BB,8_GY
10/7/19,110,10_RG,13_YG
10/7/19,110,10_RG,13_YG
10/7/19,110,10_RG,13_YG
10/7/19,110,10_RG,13_YG
10/7/19,110,13_YG,10_RG
10/8/19,110,13_YG,10_RG
10/8/19,110,13_YG,10_RG
10/8/19,110,13_YG,10_RG
10/8/19,110,13_YG,10_RG
10/8/19,110,13_YG,10_RG
10/8/19,110,13_YG,10_RG
10/8/19,110,13_YG,10_RG
10/8/19,110,13_YG,10_RG
10/8/19,110,13_YG,10_RG
10/8/19,110,13_YG,10_RG
10/8/19,110,13_YG,10_RG
10/8/19,110,13_YG,10_RG
10/8/19,110,13_YG,10_RG
10/8/19,110,13_YG,10_RG
10/9/19,110,10_RG,13_YG
10/9/19,110,10_RG,13_YG
10/9/19,110,10_RG,13_YG
10/9/19,110,10_RG,13_YG
10/9/19,110,10_RG,13_YG
10/9/19,110,10_RG,13_YG
10/9/19,110,13_YG,10_RG
10/9/19,110,13_YG,10_RG
10/9/19,110,13_YG,10_RG
10/10/19,110,10_RG,13_YG
10/10/19,110,10_RG,13_YG
10/10/19,110,10_RG,13_YG
10/10/19,110,10_RG,13_YG
10/10/19,110,10_RG,13_YG
10/10/19,110,10_RG,13_YG
10/11/19,110,10_RG,13_YG
10/11/19,110,10_RG,13_YG
10/11/19,110,10_RG,13_YG
10/11/19,110,10_RG,13_YG
10/11/19,110,10_RG,13_YG
10/11/19,110,10_RG,13_YG
10/11/19,110,10_RG,13_YG
10/11/19,110,13_YG,10_RG
10/11/19,110,13_YG,10_RG
10/11/19,110,13_YG,10_RG
10/11/19,110,13_YG,10_RG
10/12/19,110,10_RG,13_YG
10/12/19,110,10_RG,13_YG
10/12/19,110,10_RG,13_YG
10/12/19,110,10_RG,13_YG
10/12/19,110,10_RG,13_YG
10/12/19,110,10_RG,13_YG
10/12/19,110,13_YG,10_RG
10/12/19,110,13_YG,10_RG
10/12/19,110,13_YG,10_RG
10/12/19,110,13_YG,10_RG
10/13/19,110,13_YG,10_RG
10/13/19,110,13_YG,10_RG
10/13/19,110,13_YG,10_RG
10/13/19,110,13_YG,10_RG
10/13/19,110,13_YG,10_RG
10/13/19,110,13_YG,10_RG
10/13/19,110,13_YG,10_RG
10/13/19,110,13_YG,10_RG
10/13/19,110,13_YG,10_RG
10/13/19,110,13_YG,10_RG
10/13/19,110,13_YG,10_RG
10/13/19,110,13_YG,10_RG
10/13/19,110,13_YG,10_RG
10/13/19,110,13_YG,10_RG
10/13/19,110,13_YG,10_RG
10/13/19,110,13_YG,10_RG
10/13/19,110,13_YG,10_RG
10/13/19,110,13_YG,10_RG
10/13/19,110,13_YG,10_RG
10/13/19,110,13_YG,10_RG
10/13/19,110,13_YG,10_RG
10/13/19,110,13_YG,10_RG
10/13/19,110,13_YG,10_RG
10/13/19,110,13_YG,10_RG
10/13/19,110,13_YG,10_RG
10/13/19,110,13_YG,10_RG
10/13/19,110,13_YG,10_RG
10/13/19,110,13_YG,10_RG
10/13/19,110,13_YG,10_RG
10/13/19,110,13_YG,10_RG
10/14/19,110,13_YG,10_RG
10/14/19,110,13_YG,10_RG
10/14/19,110,13_YG,10_RG
10/14/19,110,13_YG,10_RG
10/14/19,110,13_YG,10_RG
10/14/19,110,13_YG,10_RG
10/14/19,110,13_YG,10_RG
10/14/19,110,13_YG,10_RG
10/14/19,110,13_YG,10_RG
10/14/19,110,13_YG,10_RG
10/15/19,110,13_YG,10_RG
10/16/19,110,13_YG,10_RG
10/16/19,110,13_YG,10_RG
2/25/20,120,12_YB,10_RR
2/26/20,120,12_YB,10_RR
2/26/20,120,12_YB,10_RR
2/27/20,120,12_YB,10_RR
3/2/20,120,10_RR,12_YB
3/2/20,120,10_RR,12_YB
3/2/20,120,10_RR,12_YB
3/2/20,120,10_RR,12_YB
3/2/20,120,10_RR,12_YB
3/2/20,120,12_YB,10_RR
3/3/20,120,10_RR,12_YB
3/3/20,120,10_RR,12_YB
3/3/20,120,10_RR,12_YB
3/3/20,120,10_RR,12_YB
3/3/20,120,10_RR,12_YB
3/3/20,120,10_RR,12_YB
3/3/20,120,10_RR,12_YB
3/3/20,120,10_RR,12_YB
3/3/20,120,10_RR,12_YB
3/3/20,120,10_RR,12_YB
3/3/20,120,10_RR,12_YB
3/26/20,131,2_UNTAG_1,3_YR
3/26/20,131,2_UNTAG_1,3_YR
3/26/20,131,2_UNTAG_1,3_YR
3/26/20,131,2_UNTAG_1,3_YR
3/26/20,131,2_UNTAG_1,3_YR
3/26/20,131,2_UNTAG_1,3_YR
3/26/20,131,2_UNTAG_1,3_YR
3/28/20,131,2_UNTAG_1,3_YR
3/28/20,131,2_UNTAG_1,3_YR
3/28/20,131,2_UNTAG_1,3_YR
3/28/20,131,2_UNTAG_1,3_YR
3/28/20,131,2_UNTAG_1,3_YR
3/28/20,131,2_UNTAG_1,3_YR
3/29/20,131,2_UNTAG_1,3_YR
3/29/20,131,2_UNTAG_1,3_YR
3/29/20,131,2_UNTAG_1,3_YR
3/29/20,131,2_UNTAG_1,3_YR
3/29/20,131,2_UNTAG_1,3_YR
3/30/20,131,2_UNTAG_1,3_YR
3/31/20,131,2_UNTAG_1,3_YR
4/1/20,131,2_UNTAG_1,3_YR
4/1/20,131,2_UNTAG_1,3_YR
4/1/20,131,2_UNTAG_1,3_YR
4/1/20,131,2_UNTAG_1,3_YR
9/10/19,209,8_20_BG,9_YR
9/10/19,209,8_20_BG,9_YR
9/10/19,209,8_20_BG,9_YR
9/10/19,209,8_20_BG,9_YR
9/10/19,209,8_20_BG,9_YR
9/10/19,209,8_20_BG,9_YR
9/10/19,209,8_20_BG,9_YR
9/10/19,209,8_20_BG,9_YR
9/10/19,209,8_20_BG,9_YR
9/10/19,209,8_20_BG,9_YR
9/10/19,209,8_20_BG,9_YR
9/10/19,209,8_20_BG,9_YR
9/11/19,209,8_20_BG,9_YR
9/11/19,209,8_20_BG,9_YR
9/11/19,209,8_20_BG,9_YR
9/11/19,209,8_20_BG,9_YR
9/13/19,209,9_YR,8_20_BG
9/13/19,209,9_YR,8_20_BG
9/13/19,209,9_YR,8_20_BG
9/13/19,209,9_YR,8_20_BG
9/13/19,209,9_YR,8_20_BG
9/13/19,209,9_YR,8_20_BG
9/13/19,209,9_YR,8_20_BG
9/13/19,209,9_YR,8_20_BG
9/13/19,209,9_YR,8_20_BG
9/13/19,209,9_YR,8_20_BG
9/13/19,209,9_YR,8_20_BG
9/13/19,209,9_YR,8_20_BG
9/13/19,209,9_YR,8_20_BG
9/13/19,209,9_YR,8_20_BG
9/13/19,209,9_YR,8_20_BG
9/13/19,209,9_YR,8_20_BG
9/13/19,209,9_YR,8_20_BG
9/13/19,209,9_YR,8_20_BG
9/13/19,209,9_YR,8_20_BG
9/13/19,209,9_YR,8_20_BG
9/13/19,209,9_YR,8_20_BG
9/14/19,209,9_YR,8_20_BG
9/14/19,209,9_YR,8_20_BG
9/14/19,209,9_YR,8_20_BG
9/14/19,209,9_YR,8_20_BG
9/14/19,209,9_YR,8_20_BG
9/14/19,209,9_YR,8_20_BG
9/14/19,209,9_YR,8_20_BG
9/14/19,209,9_YR,8_20_BG
9/14/19,209,9_YR,8_20_BG
9/14/19,209,9_YR,8_20_BG
9/14/19,209,9_YR,8_20_BG
9/14/19,209,9_YR,8_20_BG
9/14/19,209,9_YR,8_20_BG
9/14/19,209,9_YR,8_20_BG
9/14/19,209,9_YR,8_20_BG
9/14/19,209,9_YR,8_20_BG
9/14/19,209,9_YR,8_20_BG
9/15/19,209,8_20_BG,9_YR
9/15/19,209,9_YR,8_20_BG
9/15/19,209,9_YR,8_20_BG
9/15/19,209,9_YR,8_20_BG
9/16/19,209,9_YR,8_20_BG
9/16/19,209,9_YR,8_20_BG
9/17/19,209,9_YR,8_20_BG
9/17/19,209,9_YR,8_20_BG
9/17/19,209,9_YR,8_20_BG
9/17/19,209,9_YR,8_20_BG
9/17/19,209,9_YR,8_20_BG
9/17/19,209,9_YR,8_20_BG
9/17/19,209,9_YR,8_20_BG
9/17/19,209,9_YR,8_20_BG
9/17/19,209,9_YR,8_20_BG
9/17/19,209,9_YR,8_20_BG
9/17/19,209,9_YR,8_20_BG
9/18/19,209,9_YR,8_20_BG
9/18/19,209,9_YR,8_20_BG
9/18/19,209,9_YR,8_20_BG
9/18/19,209,9_YR,8_20_BG
9/18/19,209,9_YR,8_20_BG
9/18/19,209,9_YR,8_20_BG
9/18/19,209,9_YR,8_20_BG
9/18/19,209,9_YR,8_20_BG
9/18/19,209,9_YR,8_20_BG
9/18/19,209,9_YR,8_20_BG
9/18/19,209,9_YR,8_20_BG
9/18/19,209,9_YR,8_20_BG
9/19/19,209,9_YR,8_20_BG
9/19/19,209,9_YR,8_20_BG
9/19/19,209,9_YR,8_20_BG
9/19/19,209,9_YR,8_20_BG
9/19/19,209,9_YR,8_20_BG
9/19/19,209,9_YR,8_20_BG
9/19/19,209,9_YR,8_20_BG
9/19/19,209,9_YR,8_20_BG
9/19/19,209,9_YR,8_20_BG
9/19/19,209,9_YR,8_20_BG
9/19/19,209,9_YR,8_20_BG
9/19/19,209,9_YR,8_20_BG
10/7/19,210,10_GG,12_23_RB
2/25/20,220,11_RG,10_BB
10/8/19,310,12_RR,11_GR
10/8/19,310,12_RR,11_GR
10/8/19,310,12_RR,11_GR
10/8/19,310,12_RR,11_GR
10/8/19,310,12_RR,11_GR
10/9/19,310,11_GR,12_RR
10/9/19,310,12_RR,11_GR
10/9/19,310,12_RR,11_GR
10/9/19,310,12_RR,11_GR
10/9/19,310,12_RR,11_GR
10/9/19,310,12_RR,11_GR
10/9/19,310,12_RR,11_GR
10/9/19,310,12_RR,11_GR
10/9/19,310,12_RR,11_GR
10/10/19,310,12_RR,11_GR
10/10/19,310,12_RR,11_GR
10/10/19,310,12_RR,11_GR
10/10/19,310,12_RR,11_GR
10/10/19,310,12_RR,11_GR
10/10/19,310,12_RR,11_GR
10/11/19,310,12_RR,11_GR
10/11/19,310,12_RR,11_GR
10/11/19,310,12_RR,11_GR
10/11/19,310,12_RR,11_GR
10/11/19,310,12_RR,11_GR
10/12/19,310,12_RR,11_GR
10/12/19,310,12_RR,11_GR
10/12/19,310,12_RR,11_GR
10/12/19,310,12_RR,11_GR
10/12/19,310,12_RR,11_GR
10/12/19,310,12_RR,11_GR
10/12/19,310,12_RR,11_GR
10/12/19,310,12_RR,11_GR
10/12/19,310,12_RR,11_GR
10/12/19,310,12_RR,11_GR
10/12/19,310,12_RR,11_GR
10/12/19,310,12_RR,11_GR
10/12/19,310,12_RR,11_GR
10/12/19,310,12_RR,11_GR
10/13/19,310,12_RR,11_GR
10/13/19,310,12_RR,11_GR
10/13/19,310,12_RR,11_GR
10/13/19,310,12_RR,11_GR
10/13/19,310,12_RR,11_GR
10/13/19,310,12_RR,11_GR
10/13/19,310,12_RR,11_GR
10/13/19,310,12_RR,11_GR
10/13/19,310,12_RR,11_GR
10/13/19,310,12_RR,11_GR
10/13/19,310,12_RR,11_GR
10/13/19,310,12_RR,11_GR
10/13/19,310,12_RR,11_GR
10/15/19,310,12_RR,11_GR
10/15/19,310,12_RR,11_GR
10/15/19,310,12_RR,11_GR
10/15/19,310,12_RR,11_GR
10/15/19,310,12_RR,11_GR
10/15/19,310,12_RR,11_GR
10/15/19,310,12_RR,11_GR
10/15/19,310,12_RR,11_GR
10/15/19,310,12_RR,11_GR
10/15/19,310,12_RR,11_GR
10/15/19,310,12_RR,11_GR
10/15/19,310,12_RR,11_GR
10/15/19,310,12_RR,11_GR
10/15/19,310,12_RR,11_GR
10/16/19,310,12_RR,11_GR
10/16/19,310,12_RR,11_GR
10/16/19,310,12_RR,11_GR
10/16/19,310,12_RR,11_GR
10/16/19,310,12_RR,11_GR
10/16/19,310,12_RR,11_GR
10/16/19,310,12_RR,11_GR
10/16/19,310,12_RR,11_GR
9/11/19,409,2_RY,9_31_BB
9/11/19,409,2_RY,9_31_BB
9/11/19,409,2_RY,9_31_BB
9/11/19,409,2_RY,9_31_BB
9/11/19,409,2_RY,9_31_BB
9/11/19,409,2_RY,9_31_BB
9/11/19,409,2_RY,9_31_BB
9/12/19,409,2_RY,9_31_BB
9/12/19,409,2_RY,9_31_BB
9/12/19,409,2_RY,9_31_BB
9/12/19,409,2_RY,9_31_BB
9/12/19,409,2_RY,9_31_BB
9/12/19,409,2_RY,9_31_BB
9/12/19,409,2_RY,9_31_BB
9/12/19,409,2_RY,9_31_BB
9/12/19,409,2_RY,9_31_BB
9/13/19,409,2_RY,9_31_BB
9/13/19,409,2_RY,9_31_BB
9/13/19,409,2_RY,9_31_BB
9/13/19,409,2_RY,9_31_BB
9/13/19,409,2_RY,9_31_BB
9/14/19,409,2_RY,9_31_BB
9/14/19,409,2_RY,9_31_BB
9/14/19,409,2_RY,9_31_BB
9/14/19,409,2_RY,9_31_BB
9/15/19,409,2_RY,9_31_BB
9/15/19,409,2_RY,9_31_BB
9/16/19,409,2_RY,9_31_BB
9/16/19,409,2_RY,9_31_BB
9/16/19,409,2_RY,9_31_BB
9/16/19,409,2_RY,9_31_BB
9/16/19,409,2_RY,9_31_BB
10/7/19,410,11_BR,13_RR
10/7/19,410,11_BR,13_RR
10/7/19,410,11_BR,13_RR
10/7/19,410,11_BR,13_RR
10/7/19,410,11_BR,13_RR
10/7/19,410,11_BR,13_RR
10/7/19,410,11_BR,13_RR
10/7/19,410,11_BR,13_RR
10/7/19,410,11_BR,13_RR
10/7/19,410,11_BR,13_RR
10/7/19,410,11_BR,13_RR
10/10/19,410,11_BR,13_RR
10/13/19,410,11_BR,13_RR
10/13/19,410,11_BR,13_RR
10/13/19,410,11_BR,13_RR
10/13/19,410,11_BR,13_RR
10/13/19,410,11_BR,13_RR
10/13/19,410,11_BR,13_RR
10/13/19,410,11_BR,13_RR
10/14/19,410,11_BR,13_RR
10/16/19,410,11_BR,13_RR
10/16/19,410,11_BR,13_RR
2/26/20,420,11_BB,13_YB
2/26/20,420,11_BB,13_YB
2/29/20,420,11_BB,13_YB
3/1/20,420,11_BB,13_YB
3/1/20,420,11_BB,13_YB
3/2/20,420,11_BB,13_YB
3/2/20,420,11_BB,13_YB
3/2/20,420,11_BB,13_YB
3/2/20,420,11_BB,13_YB
3/29/20,431,2_UNTAG_4,14_BR
3/29/20,431,2_UNTAG_4,14_BR
3/29/20,431,2_UNTAG_4,14_BR
3/31/20,431,2_UNTAG_4,14_BR
3/31/20,431,2_UNTAG_4,14_BR
3/31/20,431,2_UNTAG_4,14_BR
3/31/20,431,2_UNTAG_4,14_BR
3/31/20,431,2_UNTAG_4,14_BR
3/31/20,431,2_UNTAG_4,14_BR
4/1/20,431,2_UNTAG_4,14_BR
4/1/20,431,2_UNTAG_4,14_BR
4/1/20,431,2_UNTAG_4,14_BR
4/1/20,431,2_UNTAG_4,14_BR
4/1/20,431,2_UNTAG_4,14_BR
3/23/20,631,15_RB,2_UNTAG_6
3/27/20,631,2_UNTAG_6,15_RB
3/31/20,631,15_RB,2_UNTAG_6
3/31/20,631,15_RB,2_UNTAG_6
3/31/20,631,15_RB,2_UNTAG_6
3/31/20,631,15_RB,2_UNTAG_6
3/31/20,631,15_RB,2_UNTAG_6
3/31/20,631,15_RB,2_UNTAG_6
3/31/20,631,15_RB,2_UNTAG_6
3/31/20,631,15_RB,2_UNTAG_6
4/1/20,631,15_RB,2_UNTAG_6
4/1/20,631,15_RB,2_UNTAG_6
4/1/20,631,2_UNTAG_6,15_RB
4/1/20,631,2_UNTAG_6,15_RB
17-Jan-20,101,6_BR,8_BY
17-Jan-20,101,8_BY,6_BR
17-Jan-20,101,8_BY,6_BR
17-Jan-20,101,8_BY,6_BR
17-Jan-20,101,8_BY,6_BR
18-Jan-20,101,9_GG,8_BY
18-Jan-20,101,9_GG,8_BY
18-Jan-20,101,9_GG,8_BY
18-Jan-20,101,9_GG,8_BY
18-Jan-20,101,9_GG,8_BY
20-Jan-20,101,9_GG,6_BR
21-Jan-20,101,9_GG,8_BY
23-Jan-20,101,9_GG,8_BY
23-Jan-20,101,9_GG,8_BY
24-Jan-20,101,9_GG,6_BR
24-Jan-20,101,9_GG,6_BR
24-Jan-20,101,9_GG,8_BY
24-Jan-20,101,9_GG,8_BY
24-Jan-20,101,9_GG,8_BY
24-Jan-20,101,9_GG,8_BY
24-Jan-20,101,9_GG,8_BY
24-Jan-20,101,9_GG,8_BY
14-Feb-20,102,10_BR,11_YY
14-Feb-20,102,10_BR,11_YY
14-Feb-20,102,10_BR,11_YY
14-Feb-20,102,12_GG,11_YY
14-Feb-20,102,12_GG,10_BR
14-Feb-20,102,12_GG,9_YB
14-Feb-20,102,12_GG,9_YB
14-Feb-20,102,9_YB,10_BR
14-Feb-20,102,9_YB,10_BR
14-Feb-20,102,9_YB,10_BR
14-Feb-20,102,9_YB,11_YY
15-Feb-20,102,10_BR,11_YY
15-Feb-20,102,10_BR,11_YY
15-Feb-20,102,12_GG,9_YB
15-Feb-20,102,12_GG,9_YB
15-Feb-20,102,12_GG,9_YB
15-Feb-20,102,12_GG,9_YB
15-Feb-20,102,12_GG,9_YB
15-Feb-20,102,12_GG,10_BR
15-Feb-20,102,12_GG,10_BR
15-Feb-20,102,12_GG,10_BR
15-Feb-20,102,9_YB,11_YY
15-Feb-20,102,9_YB,11_YY
15-Feb-20,102,9_YB,11_YY
15-Feb-20,102,9_YB,12_GG
15-Feb-20,102,9_YB,12_GG
15-Feb-20,102,9_YB,12_GG
15-Feb-20,102,9_YB,12_GG
17-Feb-20,102,12_GG,11_YY
18-Feb-20,102,11_YY,10_BR
18-Feb-20,102,11_YY,10_BR
18-Feb-20,102,11_YY,10_BR
18-Feb-20,102,11_YY,10_BR
18-Feb-20,102,11_YY,10_BR
18-Feb-20,102,11_YY,10_BR
18-Feb-20,102,11_YY,10_BR
18-Feb-20,102,11_YY,10_BR
18-Feb-20,102,11_YY,12_GG
18-Feb-20,102,11_YY,12_GG
18-Feb-20,102,12_GG,11_YY
18-Feb-20,102,12_GG,11_YY
18-Feb-20,102,12_GG,11_YY
18-Feb-20,102,12_GG,10_BR
18-Feb-20,102,12_GG,10_BR
18-Feb-20,102,12_GG,9_YB
18-Feb-20,102,9_YB,10_BR
18-Feb-20,102,9_YB,10_BR
18-Feb-20,102,9_YB,11_YY
18-Feb-20,102,9_YB,12_GG
19-Feb-20,102,10_BR,11_YY
19-Feb-20,102,10_BR,11_YY
19-Feb-20,102,11_YY,10_BR
19-Feb-20,102,11_YY,10_BR
19-Feb-20,102,11_YY,10_BR
19-Feb-20,102,11_YY,12_GG
19-Feb-20,102,12_GG,9_YB
19-Feb-20,102,12_GG,9_YB
19-Feb-20,102,12_GG,9_YB
19-Feb-20,102,12_GG,11_YY
19-Feb-20,102,9_YB,12_GG
19-Feb-20,102,9_YB,11_YY
19-Feb-20,102,9_YB,11_YY
19-Feb-20,102,9_YB,11_YY
19-Feb-20,102,9_YB,11_YY
20-Feb-20,102,11_YY,9_YB
20-Feb-20,102,11_YY,9_YB
20-Feb-20,102,11_YY,9_YB
20-Feb-20,102,11_YY,10_BR
20-Feb-20,102,11_YY,10_BR
20-Feb-20,102,11_YY,10_BR
20-Feb-20,102,11_YY,10_BR
20-Feb-20,102,12_GG,11_YY
20-Feb-20,102,12_GG,11_YY
20-Feb-20,102,12_GG,9_YB
20-Feb-20,102,12_GG,9_YB
20-Feb-20,102,12_GG,9_YB
21-Feb-20,102,11_YY,9_YB
21-Feb-20,102,11_YY,9_YB
21-Feb-20,102,11_YY,9_YB
21-Feb-20,102,11_YY,10_BR
21-Feb-20,102,12_GG,9_YB
21-Feb-20,102,12_GG,9_YB
21-Feb-20,102,12_GG,9_YB
21-Feb-20,102,12_GG,9_YB
21-Feb-20,102,12_GG,9_YB
21-Feb-20,102,12_GG,9_YB
21-Feb-20,102,12_GG,9_YB
21-Feb-20,102,12_GG,9_YB
21-Feb-20,102,12_GG,11_YY
21-Feb-20,102,12_GG,11_YY
21-Feb-20,102,12_GG,11_YY
21-Feb-20,102,9_YB,11_YY
21-Feb-20,102,9_YB,11_YY
13-Mar-20,103,10_GR,12_BY
13-Mar-20,103,10_GR,12_BY
13-Mar-20,103,13_RY,10_GR
13-Mar-20,103,13_RY,10_GR
16-Mar-20,103,12_BY,10_GR
16-Mar-20,103,12_BY,10_GR
17-Mar-20,103,12_BY,10_GR
17-Mar-20,103,13_RY,12_BY
12-Aug-19,108,3_BR,5_32_GB
12-Aug-19,108,3_BR,6_26_RY
12-Aug-19,108,4_RR,6_26_RY
12-Aug-19,108,4_RR,6_26_RY
12-Aug-19,108,4_RR,3_BR
12-Aug-19,108,4_RR,3_BR
12-Aug-19,108,4_RR,5_32_GB
12-Aug-19,108,4_RR,5_32_GB
12-Aug-19,108,4_RR,5_32_GB
12-Aug-19,108,4_RR,5_32_GB
12-Aug-19,108,6_26_RY,5_32_GB
12-Aug-19,108,6_26_RY,5_32_GB
12-Aug-19,108,6_26_RY,5_32_GB
13-Aug-19,108,3_BR,4_RR
13-Aug-19,108,3_BR,4_RR
13-Aug-19,108,3_BR,4_RR
13-Aug-19,108,3_BR,4_RR
13-Aug-19,108,3_BR,4_RR
13-Aug-19,108,3_BR,4_RR
13-Aug-19,108,3_BR,5_32_GB
13-Aug-19,108,3_BR,6_26_RY
13-Aug-19,108,3_BR,6_26_RY
13-Aug-19,108,3_BR,6_26_RY
13-Aug-19,108,4_RR,5_32_GB
13-Aug-19,108,4_RR,5_32_GB
13-Aug-19,108,4_RR,6_26_RY
13-Aug-19,108,5_32_GB,6_26_RY
14-Aug-19,108,3_BR,5_32_GB
14-Aug-19,108,3_BR,5_32_GB
14-Aug-19,108,3_BR,5_32_GB
14-Aug-19,108,3_BR,5_32_GB
14-Aug-19,108,3_BR,4_RR
14-Aug-19,108,3_BR,4_RR
14-Aug-19,108,3_BR,4_RR
14-Aug-19,108,3_BR,4_RR
14-Aug-19,108,3_BR,4_RR
14-Aug-19,108,3_BR,6_26_RY
14-Aug-19,108,3_BR,6_26_RY
14-Aug-19,108,4_RR,5_32_GB
14-Aug-19,108,4_RR,5_32_GB
14-Aug-19,108,4_RR,6_26_RY
14-Aug-19,108,4_RR,6_26_RY
14-Aug-19,108,4_RR,6_26_RY
14-Aug-19,108,4_RR,6_26_RY
14-Aug-19,108,4_RR,6_26_RY
14-Aug-19,108,5_32_GB,3_BR
15-Aug-19,108,3_BR,4_RR
15-Aug-19,108,3_BR,4_RR
15-Aug-19,108,3_BR,4_RR
15-Aug-19,108,3_BR,5_32_GB
15-Aug-19,108,3_BR,5_32_GB
15-Aug-19,108,3_BR,5_32_GB
15-Aug-19,108,3_BR,5_32_GB
15-Aug-19,108,3_BR,6_26_RY
15-Aug-19,108,3_BR,6_26_RY
15-Aug-19,108,3_BR,6_26_RY
15-Aug-19,108,4_RR,3_BR
15-Aug-19,108,4_RR,3_BR
15-Aug-19,108,4_RR,3_BR
15-Aug-19,108,4_RR,5_32_GB
15-Aug-19,108,4_RR,5_32_GB
15-Aug-19,108,4_RR,5_32_GB
15-Aug-19,108,4_RR,5_32_GB
15-Aug-19,108,4_RR,5_32_GB
15-Aug-19,108,4_RR,6_26_RY
15-Aug-19,108,4_RR,6_26_RY
15-Aug-19,108,4_RR,6_26_RY
15-Aug-19,108,5_32_GB,3_BR
16-Aug-19,108,3_BR,5_32_GB
16-Aug-19,108,3_BR,6_26_RY
16-Aug-19,108,3_BR,6_26_RY
16-Aug-19,108,3_BR,6_26_RY
16-Aug-19,108,4_RR,3_BR
16-Aug-19,108,4_RR,3_BR
16-Aug-19,108,4_RR,3_BR
16-Aug-19,108,4_RR,5_32_GB
16-Aug-19,108,4_RR,5_32_GB
16-Aug-19,108,4_RR,5_32_GB
16-Aug-19,108,4_RR,6_26_RY
16-Aug-19,108,4_RR,6_26_RY
16-Aug-19,108,4_RR,6_26_RY
17-Aug-19,108,3_BR,4_RR
17-Aug-19,108,3_BR,6_26_RY
17-Aug-19,108,3_BR,6_26_RY
17-Aug-19,108,3_BR,6_26_RY
17-Aug-19,108,4_RR,3_BR
17-Aug-19,108,4_RR,3_BR
17-Aug-19,108,4_RR,3_BR
17-Aug-19,108,4_RR,3_BR
17-Aug-19,108,4_RR,3_BR
17-Aug-19,108,4_RR,3_BR
17-Aug-19,108,4_RR,3_BR
17-Aug-19,108,4_RR,3_BR
17-Aug-19,108,4_RR,3_BR
17-Aug-19,108,4_RR,6_26_RY
17-Aug-19,108,4_RR,6_26_RY
17-Aug-19,108,4_RR,6_26_RY
18-Aug-19,108,3_BR,4_RR
18-Aug-19,108,3_BR,5_32_GB
18-Aug-19,108,3_BR,5_32_GB
18-Aug-19,108,3_BR,5_32_GB
18-Aug-19,108,3_BR,6_26_RY
18-Aug-19,108,3_BR,6_26_RY
18-Aug-19,108,4_RR,3_BR
18-Aug-19,108,4_RR,3_BR
18-Aug-19,108,4_RR,3_BR
18-Aug-19,108,4_RR,3_BR
18-Aug-19,108,4_RR,5_32_GB
18-Aug-19,108,4_RR,5_32_GB
18-Aug-19,108,4_RR,6_26_RY
18-Aug-19,108,4_RR,6_26_RY
18-Aug-19,108,4_RR,6_26_RY
18-Aug-19,108,4_RR,6_26_RY
18-Aug-19,108,5_32_GB,4_RR
18-Aug-19,108,5_32_GB,6_26_RY
18-Aug-19,108,5_32_GB,6_26_RY
18-Aug-19,108,5_32_GB,6_26_RY
18-Aug-19,108,5_32_GB,6_26_RY
18-Aug-19,108,5_32_GB,6_26_RY
18-Aug-19,108,5_32_GB,6_26_RY
19-Aug-19,108,4_RR,5_32_GB
19-Aug-19,108,4_RR,5_32_GB
19-Aug-19,108,4_RR,5_32_GB
19-Aug-19,108,4_RR,5_32_GB
19-Aug-19,108,4_RR,5_32_GB
19-Aug-19,108,4_RR,5_32_GB
19-Aug-19,108,4_RR,5_32_GB
19-Aug-19,108,4_RR,6_26_RY
19-Aug-19,108,4_RR,6_26_RY
4-Dec-19,112,6_RR,4_RB
5-Dec-19,112,4_RB,6_RR
5-Dec-19,112,4_RB,6_RR
5-Dec-19,112,6_RR,5_YB
6-Dec-19,112,4_RB,6_RR
6-Dec-19,112,4_RB,6_RR
6-Dec-19,112,4_RB,6_RR
6-Dec-19,112,4_RB,6_RR
6-Dec-19,112,4_RB,6_RR
6-Dec-19,112,4_RB,6_RR
6-Dec-19,112,4_RB,6_RR
6-Dec-19,112,4_RB,6_RR
7-Dec-19,112,4_RB,6_RR
7-Dec-19,112,4_RB,6_RR
7-Dec-19,112,4_RB,6_RR
8-Dec-19,112,4_RB,6_RR
9-Dec-19,112,4_RB,6_RR
9-Dec-19,112,4_RB,6_RR
9-Dec-19,112,4_RB,6_RR
9-Dec-19,112,4_RB,6_RR
9-Dec-19,112,4_RB,6_RR
10-Dec-19,112,4_RB,6_RR
10-Dec-19,112,4_RB,6_RR
10-Dec-19,112,4_RB,6_RR
11-Dec-19,112,4_RB,6_RR
11-Dec-19,112,4_RB,6_RR
11-Dec-19,112,4_RB,6_RR
11-Dec-19,112,4_RB,6_RR
11-Dec-19,112,4_RB,6_RR
11-Dec-19,112,4_RB,6_RR
11-Dec-19,112,4_RB,6_RR
11-Dec-19,112,6_RR,4_RB
11-Dec-19,112,6_RR,4_RB
11-Dec-19,112,6_RR,4_RB
12-Dec-19,112,4_RB,6_RR
12-Dec-19,112,4_RB,6_RR
12-Dec-19,112,4_RB,6_RR
12-Dec-19,112,4_RB,6_RR
12-Dec-19,112,4_RB,6_RR
12-Dec-19,112,4_RB,6_RR
12-Dec-19,112,4_RB,6_RR
12-Dec-19,112,4_RB,6_RR
12-Dec-19,112,4_RB,6_RR
12-Dec-19,112,4_RB,6_RR
12-Dec-19,112,4_RB,6_RR
12-Dec-19,112,4_RB,6_RR
15-Apr-20,144,14_RY,1_UNTAG_3
15-Apr-20,144,14_RY,1_UNTAG_3
16-Apr-20,144,14_RY,1_UNTAG_3
16-Apr-20,144,14_RY,1_UNTAG_3
16-Apr-20,144,14_RY,1_UNTAG_3
16-Apr-20,144,14_RY,1_UNTAG_3
16-Apr-20,144,14_RY,18_BY
16-Apr-20,144,18_BY,1_UNTAG_3
16-Apr-20,144,18_BY,1_UNTAG_3
17-Apr-20,144,14_RY,18_BY
17-Apr-20,144,14_RY,18_BY
17-Apr-20,144,14_RY,18_BY
17-Apr-20,144,14_RY,1_UNTAG_3
17-Apr-20,144,14_RY,1_UNTAG_3
17-Apr-20,144,14_RY,1_UNTAG_3
17-Apr-20,144,18_BY,1_UNTAG_3
18-Apr-20,144,14_RY,1_UNTAG_3
18-Apr-20,144,14_RY,1_UNTAG_3
18-Apr-20,144,14_RY,1_UNTAG_3
18-Apr-20,144,14_RY,1_UNTAG_3
18-Apr-20,144,14_RY,1_UNTAG_3
18-Apr-20,144,14_RY,1_UNTAG_3
18-Apr-20,144,14_RY,18_BY
18-Apr-20,144,14_RY,18_BY
18-Apr-20,144,14_RY,18_BY
18-Apr-20,144,14_RY,18_BY
18-Apr-20,144,14_RY,18_BY
18-Apr-20,144,14_RY,18_BY
18-Apr-20,144,14_RY,18_BY
18-Apr-20,144,14_RY,18_BY
18-Apr-20,144,14_RY,18_BY
18-Apr-20,144,14_RY,18_BY
20-Apr-20,144,14_RY,1_UNTAG_3
20-Apr-20,144,14_RY,1_UNTAG_3
20-Apr-20,144,14_RY,1_UNTAG_3
20-Apr-20,144,14_RY,1_UNTAG_3
20-Apr-20,144,14_RY,18_BY
20-Apr-20,144,14_RY,18_BY
20-Apr-20,144,14_RY,18_BY
20-Apr-20,144,14_RY,18_BY
20-Apr-20,144,14_RY,18_BY
20-Apr-20,144,14_RY,18_BY
20-Apr-20,144,14_RY,18_BY
20-Apr-20,144,14_RY,18_BY
20-Apr-20,144,14_RY,18_BY
20-Apr-20,144,14_RY,18_BY
20-Apr-20,144,14_RY,18_BY
20-Apr-20,144,14_RY,18_BY
20-Apr-20,144,14_RY,18_BY
20-Apr-20,144,18_BY,1_UNTAG_3
20-Apr-20,144,18_BY,1_UNTAG_3
20-Apr-20,144,18_BY,1_UNTAG_3
21-Apr-20,144,14_RY,18_BY
21-Apr-20,144,14_RY,18_BY
21-Apr-20,144,14_RY,18_BY
21-Apr-20,144,14_RY,18_BY
21-Apr-20,144,14_RY,18_BY
21-Apr-20,144,14_RY,18_BY
22-Apr-20,144,14_RY,1_UNTAG_3
22-Apr-20,144,14_RY,1_UNTAG_3
22-Apr-20,144,14_RY,1_UNTAG_3
23-Apr-20,144,14_RY,18_BY
23-Apr-20,144,14_RY,18_BY
23-Apr-20,144,14_RY,18_BY
19-Jan-20,201,7_RR,6_YB
20-Jan-20,201,7_RR,8_RY
20-Jan-20,201,7_RR,8_RY
20-Jan-20,201,7_RR,8_RY
20-Jan-20,201,7_RR,6_YB
20-Jan-20,201,7_RR,6_YB
21-Jan-20,201,7_RR,8_RY
22-Jan-20,201,7_RR,8_RY
22-Jan-20,201,7_RR,6_YB
22-Jan-20,201,7_RR,6_YB
22-Jan-20,201,7_RR,6_YB
23-Jan-20,201,7_RR,8_RY
24-Jan-20,201,7_RR,6_YB
24-Jan-20,201,7_RR,6_YB
24-Jan-20,201,7_RR,6_YB
24-Jan-20,201,8_RY,6_YB
24-Jan-20,201,8_RY,6_YB
24-Jan-20,201,8_RY,6_YB
25-Jan-20,201,7_RR,6_YB
25-Jan-20,201,7_RR,6_YB
25-Jan-20,201,7_RR,6_YB
25-Jan-20,201,7_RR,6_YB
25-Jan-20,201,7_RR,6_YB
25-Jan-20,201,7_RR,6_YB
25-Jan-20,201,7_RR,6_YB
25-Jan-20,201,7_RR,8_RY
25-Jan-20,201,7_RR,8_RY
25-Jan-20,201,7_RR,8_RY
12-Feb-20,202,10_YR,12_BB
12-Feb-20,202,11_BY,10_YR
12-Feb-20,202,11_BY,12_BB
12-Feb-20,202,11_BY,12_BB
12-Feb-20,202,11_BY,12_BB
12-Feb-20,202,11_BY,12_BB
12-Feb-20,202,11_BY,12_BB
12-Feb-20,202,11_BY,13_BR
12-Feb-20,202,11_BY,13_BR
12-Feb-20,202,11_BY,13_BR
12-Feb-20,202,11_BY,13_BR
12-Feb-20,202,11_BY,13_BR
12-Feb-20,202,11_BY,13_BR
12-Feb-20,202,11_BY,13_BR
12-Feb-20,202,13_BR,11_BY
12-Feb-20,202,13_BR,12_BB
12-Feb-20,202,13_BR,12_BB
12-Feb-20,202,13_BR,12_BB
14-Feb-20,202,10_YR,13_BR
14-Feb-20,202,11_BY,12_BB
14-Feb-20,202,12_BB,13_BR
14-Feb-20,202,12_BB,13_BR
14-Feb-20,202,12_BB,13_BR
14-Feb-20,202,12_BB,13_BR
14-Feb-20,202,12_BB,13_BR
14-Feb-20,202,13_BR,11_BY
14-Feb-20,202,13_BR,11_BY
14-Feb-20,202,13_BR,11_BY
14-Feb-20,202,13_BR,11_BY
14-Feb-20,202,13_BR,12_BB
15-Feb-20,202,10_YR,13_BR
15-Feb-20,202,10_YR,13_BR
15-Feb-20,202,10_YR,13_BR
15-Feb-20,202,10_YR,13_BR
15-Feb-20,202,10_YR,13_BR
15-Feb-20,202,10_YR,12_BB
15-Feb-20,202,10_YR,12_BB
15-Feb-20,202,11_BY,13_BR
15-Feb-20,202,11_BY,13_BR
15-Feb-20,202,12_BB,13_BR
15-Feb-20,202,12_BB,13_BR
15-Feb-20,202,13_BR,11_BY
15-Feb-20,202,13_BR,11_BY
15-Feb-20,202,13_BR,11_BY
15-Feb-20,202,13_BR,11_BY
15-Feb-20,202,13_BR,11_BY
15-Feb-20,202,13_BR,11_BY
15-Feb-20,202,13_BR,11_BY
15-Feb-20,202,13_BR,12_BB
15-Feb-20,202,13_BR,12_BB
15-Feb-20,202,13_BR,12_BB
15-Feb-20,202,13_BR,12_BB
15-Feb-20,202,13_BR,12_BB
17-Feb-20,202,10_YR,12_BB
17-Feb-20,202,10_YR,12_BB
17-Feb-20,202,10_YR,13_BR
17-Feb-20,202,11_BY,13_BR
17-Feb-20,202,12_BB,11_BY
17-Feb-20,202,12_BB,11_BY
17-Feb-20,202,13_BR,12_BB
17-Feb-20,202,13_BR,12_BB
17-Feb-20,202,13_BR,12_BB
17-Feb-20,202,13_BR,12_BB
17-Feb-20,202,13_BR,10_YR
17-Feb-20,202,13_BR,11_BY
18-Feb-20,202,10_YR,12_BB
18-Feb-20,202,11_BY,13_BR
18-Feb-20,202,12_BB,13_BR
18-Feb-20,202,13_BR,12_BB
18-Feb-20,202,13_BR,12_BB
18-Feb-20,202,13_BR,12_BB
18-Feb-20,202,13_BR,12_BB
18-Feb-20,202,13_BR,12_BB
18-Feb-20,202,13_BR,12_BB
18-Feb-20,202,13_BR,12_BB
18-Feb-20,202,13_BR,12_BB
18-Feb-20,202,13_BR,11_BY
18-Feb-20,202,13_BR,11_BY
18-Feb-20,202,13_BR,11_BY
18-Feb-20,202,13_BR,11_BY
18-Feb-20,202,13_BR,11_BY
20-Feb-20,202,12_BB,11_BY
20-Feb-20,202,12_BB,11_BY
20-Feb-20,202,12_BB,13_BR
20-Feb-20,202,13_BR,10_YR
20-Feb-20,202,13_BR,10_YR
20-Feb-20,202,13_BR,11_BY
20-Feb-20,202,13_BR,11_BY
20-Feb-20,202,13_BR,11_BY
20-Feb-20,202,13_BR,11_BY
20-Feb-20,202,13_BR,11_BY
20-Feb-20,202,13_BR,11_BY
20-Feb-20,202,13_BR,11_BY
20-Feb-20,202,13_BR,11_BY
20-Feb-20,202,13_BR,11_BY
20-Feb-20,202,13_BR,11_BY
20-Feb-20,202,13_BR,11_BY
20-Feb-20,202,13_BR,11_BY
20-Feb-20,202,13_BR,11_BY
21-Feb-20,202,10_YR,11_BY
21-Feb-20,202,10_YR,11_BY
21-Feb-20,202,10_YR,12_BB
21-Feb-20,202,10_YR,13_BR
21-Feb-20,202,10_YR,13_BR
21-Feb-20,202,11_BY,12_BB
21-Feb-20,202,11_BY,13_BR
21-Feb-20,202,11_BY,13_BR
21-Feb-20,202,11_BY,10_YR
21-Feb-20,202,12_BB,10_YR
21-Feb-20,202,12_BB,10_YR
21-Feb-20,202,12_BB,11_BY
21-Feb-20,202,12_BB,11_BY
21-Feb-20,202,12_BB,11_BY
21-Feb-20,202,12_BB,11_BY
21-Feb-20,202,12_BB,11_BY
21-Feb-20,202,12_BB,11_BY
21-Feb-20,202,12_BB,13_BR
21-Feb-20,202,12_BB,13_BR
21-Feb-20,202,12_BB,13_BR
21-Feb-20,202,13_BR,10_YR
21-Feb-20,202,13_BR,12_BB
21-Feb-20,202,13_BR,12_BB
21-Feb-20,202,13_BR,12_BB
21-Feb-20,202,13_BR,12_BB
10-Mar-20,203,13_RG,19_GB
10-Mar-20,203,13_RG,19_GB
10-Mar-20,203,19_GB,11_YR
11-Mar-20,203,11_YR,13_RG
11-Mar-20,203,11_YR,13_RG
11-Mar-20,203,11_YR,13_RG
13-Mar-20,203,13_RG,19_GB
13-Mar-20,203,13_RG,19_GB
13-Mar-20,203,13_RG,19_GB
13-Mar-20,203,13_RG,19_GB
13-Mar-20,203,13_RG,19_GB
13-Mar-20,203,13_RG,19_GB
13-Mar-20,203,13_RG,19_GB
13-Mar-20,203,13_RG,19_GB
13-Mar-20,203,13_RG,19_GB
13-Mar-20,203,13_RG,19_GB
13-Mar-20,203,13_RG,19_GB
13-Mar-20,203,13_RG,19_GB
13-Mar-20,203,13_RG,19_GB
13-Mar-20,203,13_RG,19_GB
13-Mar-20,203,13_RG,19_GB
13-Mar-20,203,13_RG,19_GB
13-Mar-20,203,13_RG,19_GB
13-Mar-20,203,13_RG,19_GB
13-Mar-20,203,13_RG,19_GB
13-Mar-20,203,13_RG,19_GB
13-Mar-20,203,13_RG,19_GB
13-Mar-20,203,13_RG,19_GB
13-Mar-20,203,13_RG,19_GB
13-Mar-20,203,13_RG,19_GB
14-Mar-20,203,13_RG,19_GB
14-Mar-20,203,13_RG,19_GB
14-Mar-20,203,13_RG,19_GB
14-Mar-20,203,13_RG,19_GB
14-Mar-20,203,13_RG,19_GB
14-Mar-20,203,13_RG,19_GB
14-Mar-20,203,13_RG,19_GB
14-Mar-20,203,13_RG,19_GB
14-Mar-20,203,13_RG,19_GB
14-Mar-20,203,13_RG,19_GB
15-Mar-20,203,13_RG,19_GB
15-Mar-20,203,13_RG,19_GB
15-Mar-20,203,13_RG,19_GB
16-Mar-20,203,13_RG,19_GB
16-Mar-20,203,13_RG,19_GB
16-Mar-20,203,13_RG,19_GB
16-Mar-20,203,13_RG,19_GB
16-Mar-20,203,13_RG,19_GB
16-Mar-20,203,13_RG,19_GB
16-Mar-20,203,13_RG,19_GB
16-Mar-20,203,13_RG,19_GB
16-Mar-20,203,13_RG,19_GB
16-Mar-20,203,13_RG,19_GB
16-Mar-20,203,13_RG,19_GB
12-Aug-19,208,3_GR,1_RY
12-Aug-19,208,5_YG,7_BY
12-Aug-19,208,5_YG,3_GR
12-Aug-19,208,5_YG,3_GR
12-Aug-19,208,5_YG,3_GR
12-Aug-19,208,5_YG,3_GR
12-Aug-19,208,5_YG,3_GR
12-Aug-19,208,5_YG,3_GR
12-Aug-19,208,5_YG,3_GR
12-Aug-19,208,7_BY,3_GR
12-Aug-19,208,7_BY,3_GR
12-Aug-19,208,7_BY,5_YG
12-Aug-19,208,7_BY,5_YG
12-Aug-19,208,7_BY,5_YG
12-Aug-19,208,7_BY,5_YG
13-Aug-19,208,3_GR,5_YG
13-Aug-19,208,3_GR,7_BY
13-Aug-19,208,5_YG,3_GR
13-Aug-19,208,5_YG,3_GR
13-Aug-19,208,5_YG,3_GR
13-Aug-19,208,5_YG,3_GR
13-Aug-19,208,5_YG,3_GR
14-Aug-19,208,5_YG,1_RY
14-Aug-19,208,5_YG,1_RY
14-Aug-19,208,5_YG,1_RY
14-Aug-19,208,5_YG,3_GR
14-Aug-19,208,5_YG,3_GR
14-Aug-19,208,5_YG,3_GR
14-Aug-19,208,5_YG,3_GR
14-Aug-19,208,5_YG,3_GR
14-Aug-19,208,5_YG,3_GR
14-Aug-19,208,5_YG,3_GR
14-Aug-19,208,5_YG,3_GR
14-Aug-19,208,5_YG,3_GR
14-Aug-19,208,5_YG,3_GR
14-Aug-19,208,5_YG,3_GR
14-Aug-19,208,5_YG,3_GR
14-Aug-19,208,5_YG,3_GR
14-Aug-19,208,5_YG,3_GR
14-Aug-19,208,5_YG,7_BY
14-Aug-19,208,5_YG,7_BY
14-Aug-19,208,5_YG,5_YG
14-Aug-19,208,5_YG,5_YG
14-Aug-19,208,5_YG,5_YG
14-Aug-19,208,5_YG,5_YG
14-Aug-19,208,5_YG,5_YG
14-Aug-19,208,5_YG,7_BY
14-Aug-19,208,5_YG,7_BY
14-Aug-19,208,5_YG,7_BY
14-Aug-19,208,7_BY,5_YG
15-Aug-19,208,5_YG,3_GR
15-Aug-19,208,5_YG,3_GR
15-Aug-19,208,5_YG,3_GR
15-Aug-19,208,5_YG,3_GR
15-Aug-19,208,5_YG,3_GR
15-Aug-19,208,5_YG,3_GR
15-Aug-19,208,5_YG,3_GR
15-Aug-19,208,5_YG,7_BY
15-Aug-19,208,5_YG,7_BY
16-Aug-19,208,5_YG,3_GR
16-Aug-19,208,5_YG,3_GR
16-Aug-19,208,5_YG,3_GR
16-Aug-19,208,5_YG,3_GR
16-Aug-19,208,5_YG,3_GR
16-Aug-19,208,5_YG,3_GR
16-Aug-19,208,5_YG,3_GR
16-Aug-19,208,5_YG,3_GR
16-Aug-19,208,5_YG,3_GR
16-Aug-19,208,5_YG,3_GR
16-Aug-19,208,5_YG,7_BY
16-Aug-19,208,5_YG,7_BY
18-Aug-19,208,5_YG,3_GR
18-Aug-19,208,5_YG,3_GR
3-Dec-19,212,5_YR,4_4_BR
3-Dec-19,212,5_YR,4_4_BR
3-Dec-19,212,5_YR,4_4_BR
3-Dec-19,212,5_YR,4_4_BR
3-Dec-19,212,5_YR,6_BB
3-Dec-19,212,5_YR,6_BB
3-Dec-19,212,5_YR,6_BB
3-Dec-19,212,5_YR,6_BB
4-Dec-19,212,5_YR,6_BB
4-Dec-19,212,5_YR,6_BB
4-Dec-19,212,5_YR,4_4_BR
4-Dec-19,212,5_YR,4_4_BR
4-Dec-19,212,5_YR,4_4_BR
4-Dec-19,212,5_YR,4_4_BR
4-Dec-19,212,5_YR,4_4_BR
4-Dec-19,212,5_YR,4_4_BR
4-Dec-19,212,5_YR,4_4_BR
4-Dec-19,212,5_YR,4_4_BR
4-Dec-19,212,5_YR,4_4_BR
4-Dec-19,212,5_YR,4_4_BR
4-Dec-19,212,5_YR,4_4_BR
4-Dec-19,212,5_YR,4_4_BR
4-Dec-19,212,5_YR,4_4_BR
4-Dec-19,212,6_BB,4_4_BR
4-Dec-19,212,6_BB,4_4_BR
4-Dec-19,212,6_BB,4_4_BR
4-Dec-19,212,6_BB,4_4_BR
4-Dec-19,212,6_BB,4_4_BR
4-Dec-19,212,6_BB,4_4_BR
4-Dec-19,212,6_BB,4_4_BR
4-Dec-19,212,6_BB,4_4_BR
4-Dec-19,212,6_BB,4_4_BR
4-Dec-19,212,6_BB,5_YR
5-Dec-19,212,5_YR,6_BB
5-Dec-19,212,5_YR,6_BB
5-Dec-19,212,5_YR,6_BB
5-Dec-19,212,5_YR,6_BB
5-Dec-19,212,5_YR,6_BB
5-Dec-19,212,5_YR,6_BB
5-Dec-19,212,5_YR,6_BB
5-Dec-19,212,5_YR,6_BB
5-Dec-19,212,5_YR,4_4_BR
5-Dec-19,212,5_YR,4_4_BR
5-Dec-19,212,5_YR,4_4_BR
5-Dec-19,212,5_YR,4_4_BR
5-Dec-19,212,5_YR,4_4_BR
5-Dec-19,212,5_YR,4_4_BR
5-Dec-19,212,6_BB,4_4_BR
5-Dec-19,212,6_BB,4_4_BR
5-Dec-19,212,6_BB,4_4_BR
5-Dec-19,212,6_BB,5_YR
5-Dec-19,212,6_BB,5_YR
5-Dec-19,212,6_BB,5_YR
6-Dec-19,212,4_4_BR,6_BB
6-Dec-19,212,4_4_BR,6_BB
6-Dec-19,212,5_YR,4_4_BR
6-Dec-19,212,5_YR,4_4_BR
6-Dec-19,212,5_YR,4_4_BR
6-Dec-19,212,5_YR,4_4_BR
6-Dec-19,212,5_YR,6_BB
6-Dec-19,212,5_YR,6_BB
6-Dec-19,212,5_YR,6_BB
6-Dec-19,212,5_YR,6_BB
6-Dec-19,212,5_YR,6_BB
6-Dec-19,212,5_YR,6_BB
6-Dec-19,212,5_YR,6_BB
6-Dec-19,212,5_YR,6_BB
6-Dec-19,212,6_BB,4_4_BR
7-Dec-19,212,5_YR,6_BB
7-Dec-19,212,5_YR,6_BB
7-Dec-19,212,5_YR,6_BB
7-Dec-19,212,5_YR,6_BB
7-Dec-19,212,5_YR,6_BB
7-Dec-19,212,5_YR,6_BB
7-Dec-19,212,5_YR,6_BB
8-Dec-19,212,4_4_BR,6_BB
8-Dec-19,212,4_4_BR,6_BB
8-Dec-19,212,4_4_BR,5_YR
8-Dec-19,212,5_YR,6_BB
8-Dec-19,212,5_YR,6_BB
8-Dec-19,212,5_YR,6_BB
8-Dec-19,212,5_YR,6_BB
8-Dec-19,212,5_YR,6_BB
8-Dec-19,212,5_YR,6_BB
8-Dec-19,212,5_YR,6_BB
8-Dec-19,212,5_YR,6_BB
8-Dec-19,212,5_YR,6_BB
8-Dec-19,212,5_YR,6_BB
8-Dec-19,212,5_YR,6_BB
8-Dec-19,212,5_YR,6_BB
8-Dec-19,212,5_YR,6_BB
8-Dec-19,212,5_YR,6_BB
8-Dec-19,212,5_YR,6_BB
8-Dec-19,212,5_YR,4_4_BR
8-Dec-19,212,5_YR,4_4_BR
8-Dec-19,212,5_YR,4_4_BR
9-Dec-19,212,4_4_BR,6_BB
9-Dec-19,212,4_4_BR,6_BB
9-Dec-19,212,4_4_BR,6_BB
9-Dec-19,212,5_YR,4_4_BR
9-Dec-19,212,5_YR,4_4_BR
9-Dec-19,212,5_YR,4_4_BR
9-Dec-19,212,5_YR,4_4_BR
9-Dec-19,212,5_YR,4_4_BR
9-Dec-19,212,5_YR,4_4_BR
9-Dec-19,212,5_YR,4_4_BR
9-Dec-19,212,5_YR,4_4_BR
9-Dec-19,212,5_YR,4_4_BR
9-Dec-19,212,5_YR,6_BB
9-Dec-19,212,5_YR,6_BB
9-Dec-19,212,5_YR,6_BB
9-Dec-19,212,5_YR,6_BB
9-Dec-19,212,5_YR,6_BB
9-Dec-19,212,5_YR,6_BB
9-Dec-19,212,5_YR,6_BB
9-Dec-19,212,5_YR,6_BB
9-Dec-19,212,5_YR,6_BB
9-Dec-19,212,5_YR,6_BB
10-Dec-19,212,4_4_BR,6_BB
10-Dec-19,212,4_4_BR,6_BB
10-Dec-19,212,4_4_BR,6_BB
10-Dec-19,212,4_4_BR,6_BB
10-Dec-19,212,4_4_BR,6_BB
10-Dec-19,212,5_YR,6_BB
10-Dec-19,212,5_YR,6_BB
10-Dec-19,212,5_YR,6_BB
10-Dec-19,212,5_YR,6_BB
10-Dec-19,212,5_YR,6_BB
10-Dec-19,212,5_YR,4_4_BR
10-Dec-19,212,5_YR,4_4_BR
10-Dec-19,212,5_YR,4_4_BR
10-Dec-19,212,5_YR,4_4_BR
10-Dec-19,212,5_YR,4_4_BR
11-Dec-19,212,4_4_BR,6_BB
11-Dec-19,212,5_YR,4_4_BR
11-Dec-19,212,5_YR,6_BB
11-Dec-19,212,5_YR,6_BB
11-Dec-19,212,5_YR,6_BB
11-Dec-19,212,5_YR,6_BB
11-Dec-19,212,5_YR,6_BB
11-Dec-19,212,5_YR,6_BB
11-Dec-19,212,5_YR,6_BB
11-Dec-19,212,5_YR,6_BB
11-Dec-19,212,5_YR,6_BB
11-Dec-19,212,5_YR,4_4_BR
12-Dec-19,212,5_YR,4_4_BR
20-Jan-20,301,7_RB,8_BB
20-Jan-20,301,7_RB,8_BB
20-Jan-20,301,7_RB,8_BB
20-Jan-20,301,7_RB,8_BB
20-Jan-20,301,7_RB,6_BY
20-Jan-20,301,7_RB,6_BY
20-Jan-20,301,7_RB,6_BY
20-Jan-20,301,7_RB,6_BY
20-Jan-20,301,7_RB,6_BY
20-Jan-20,301,8_BB,6_BY
20-Jan-20,301,8_BB,6_BY
20-Jan-20,301,8_BB,6_BY
20-Jan-20,301,8_BB,6_BY
20-Jan-20,301,8_BB,6_BY
20-Jan-20,301,8_BB,6_BY
20-Jan-20,301,8_BB,6_BY
20-Jan-20,301,8_BB,6_BY
21-Jan-20,301,7_RB,8_BB
21-Jan-20,301,7_RB,8_BB
21-Jan-20,301,8_BB,6_BY
21-Jan-20,301,8_BB,6_BY
22-Jan-20,301,6_BY,8_BB
22-Jan-20,301,6_BY,8_BB
22-Jan-20,301,7_RB,8_BB
22-Jan-20,301,7_RB,8_BB
22-Jan-20,301,7_RB,8_BB
22-Jan-20,301,7_RB,8_BB
22-Jan-20,301,7_RB,8_BB
22-Jan-20,301,7_RB,8_BB
22-Jan-20,301,7_RB,8_BB
22-Jan-20,301,7_RB,8_BB
22-Jan-20,301,7_RB,8_BB
22-Jan-20,301,7_RB,8_BB
22-Jan-20,301,7_RB,8_BB
22-Jan-20,301,7_RB,8_BB
22-Jan-20,301,7_RB,6_BY
22-Jan-20,301,8_BB,6_BY
22-Jan-20,301,8_BB,6_BY
22-Jan-20,301,8_BB,6_BY
22-Jan-20,301,8_BB,6_BY
23-Jan-20,301,7_RB,8_BB
23-Jan-20,301,7_RB,8_BB
23-Jan-20,301,7_RB,8_BB
23-Jan-20,301,7_RB,8_BB
23-Jan-20,301,7_RB,8_BB
23-Jan-20,301,7_RB,8_BB
23-Jan-20,301,7_RB,8_BB
23-Jan-20,301,7_RB,8_BB
23-Jan-20,301,7_RB,8_BB
23-Jan-20,301,7_RB,8_BB
23-Jan-20,301,7_RB,6_BY
23-Jan-20,301,8_BB,6_BY
23-Jan-20,301,8_BB,6_BY
24-Jan-20,301,7_RB,6_BY
24-Jan-20,301,7_RB,6_BY
24-Jan-20,301,7_RB,8_BB
24-Jan-20,301,7_RB,8_BB
24-Jan-20,301,7_RB,8_BB
24-Jan-20,301,7_RB,8_BB
24-Jan-20,301,7_RB,8_BB
24-Jan-20,301,7_RB,8_BB
24-Jan-20,301,7_RB,8_BB
24-Jan-20,301,7_RB,8_BB
24-Jan-20,301,8_BB,7_RB
24-Jan-20,301,8_BB,7_RB
25-Jan-20,301,7_RB,8_BB
25-Jan-20,301,7_RB,8_BB
25-Jan-20,301,7_RB,8_BB
18-Feb-20,302,12_BY,11_YB
18-Feb-20,302,12_BY,11_YB
19-Feb-20,302,12_BY,11_YB
19-Feb-20,302,12_BY,10_YY
19-Feb-20,302,12_BY,10_YY
20-Feb-20,302,11_YB,10_YY
20-Feb-20,302,11_YB,10_YY
20-Feb-20,302,11_YB,12_BY
20-Feb-20,302,11_YB,12_BY
20-Feb-20,302,11_YB,12_BY
20-Feb-20,302,12_BY,10_YY
20-Feb-20,302,12_BY,10_YY
20-Feb-20,302,12_BY,10_YY
20-Feb-20,302,12_BY,10_YY
20-Feb-20,302,12_BY,10_YY
20-Feb-20,302,12_BY,10_YY
20-Feb-20,302,12_BY,11_YB
20-Feb-20,302,12_BY,11_YB
20-Feb-20,302,12_BY,11_YB
20-Feb-20,302,12_BY,11_YB
20-Feb-20,302,12_BY,11_YB
20-Feb-20,302,12_BY,11_YB
20-Feb-20,302,12_BY,11_YB
20-Feb-20,302,12_BY,11_YB
20-Feb-20,302,12_BY,11_YB
20-Feb-20,302,13_BB,11_YB
20-Feb-20,302,13_BB,11_YB
20-Feb-20,302,13_BB,12_BY
20-Feb-20,302,13_BB,12_BY
21-Feb-20,302,10_YY,11_YB
21-Feb-20,302,10_YY,11_YB
21-Feb-20,302,11_YB,10_YY
21-Feb-20,302,11_YB,10_YY
21-Feb-20,302,11_YB,10_YY
21-Feb-20,302,11_YB,10_YY
21-Feb-20,302,12_BY,10_YY
21-Feb-20,302,12_BY,10_YY
21-Feb-20,302,12_BY,10_YY
21-Feb-20,302,12_BY,10_YY
21-Feb-20,302,12_BY,11_YB
21-Feb-20,302,12_BY,11_YB
21-Feb-20,302,12_BY,11_YB
21-Feb-20,302,12_BY,11_YB
21-Feb-20,302,12_BY,11_YB
21-Feb-20,302,12_BY,13_BB
21-Feb-20,302,13_BB,12_BY
21-Feb-20,302,13_BB,12_BY
21-Feb-20,302,13_BB,12_BY
21-Feb-20,302,13_BB,11_YB
10-Mar-20,303,12_YY,11_RB
10-Mar-20,303,12_YY,11_RB
10-Mar-20,303,12_YY,11_RB
10-Mar-20,303,19_GR,11_RB
10-Mar-20,303,19_GR,11_RB
10-Mar-20,303,19_GR,11_RB
10-Mar-20,303,19_GR,11_RB
10-Mar-20,303,19_GR,11_RB
10-Mar-20,303,19_GR,11_RB
10-Mar-20,303,19_GR,11_RB
10-Mar-20,303,19_GR,11_RB
10-Mar-20,303,19_GR,11_RB
10-Mar-20,303,19_GR,11_RB
10-Mar-20,303,19_GR,11_RB
10-Mar-20,303,19_GR,11_RB
10-Mar-20,303,19_GR,11_RB
10-Mar-20,303,19_GR,11_RB
10-Mar-20,303,19_GR,11_RB
10-Mar-20,303,19_GR,11_RB
10-Mar-20,303,19_GR,11_RB
10-Mar-20,303,19_GR,11_RB
10-Mar-20,303,19_GR,11_RB
10-Mar-20,303,19_GR,11_RB
10-Mar-20,303,19_GR,12_YY
10-Mar-20,303,19_GR,12_YY
10-Mar-20,303,19_GR,12_YY
10-Mar-20,303,19_GR,12_YY
10-Mar-20,303,19_GR,12_YY
10-Mar-20,303,19_GR,12_YY
10-Mar-20,303,19_GR,12_YY
10-Mar-20,303,19_GR,12_YY
10-Mar-20,303,19_GR,12_YY
10-Mar-20,303,19_GR,12_YY
10-Mar-20,303,19_GR,12_YY
10-Mar-20,303,19_GR,12_YY
10-Mar-20,303,19_GR,12_YY
10-Mar-20,303,19_GR,12_YY
10-Mar-20,303,19_GR,12_YY
10-Mar-20,303,19_GR,12_YY
10-Mar-20,303,19_GR,12_YY
10-Mar-20,303,19_GR,12_YY
10-Mar-20,303,19_GR,12_YY
10-Mar-20,303,19_GR,12_YY
10-Mar-20,303,19_GR,12_YY
10-Mar-20,303,19_GR,12_YY
10-Mar-20,303,19_GR,12_YY
10-Mar-20,303,19_GR,12_YY
10-Mar-20,303,19_GR,12_YY
10-Mar-20,303,19_GR,12_YY
10-Mar-20,303,19_GR,11_RB
10-Mar-20,303,19_GR,11_RB
11-Mar-20,303,12_YY,19_GR
11-Mar-20,303,19_GR,11_RB
11-Mar-20,303,19_GR,11_RB
11-Mar-20,303,19_GR,11_RB
11-Mar-20,303,19_GR,11_RB
11-Mar-20,303,19_GR,11_RB
11-Mar-20,303,19_GR,11_RB
11-Mar-20,303,19_GR,11_RB
11-Mar-20,303,19_GR,12_YY
11-Mar-20,303,19_GR,12_YY
11-Mar-20,303,19_GR,12_YY
11-Mar-20,303,19_GR,12_YY
11-Mar-20,303,19_GR,12_YY
11-Mar-20,303,19_GR,12_YY
11-Mar-20,303,19_GR,12_YY
11-Mar-20,303,19_GR,12_YY
11-Mar-20,303,19_GR,12_YY
11-Mar-20,303,19_GR,12_YY
11-Mar-20,303,19_GR,12_YY
11-Mar-20,303,19_GR,12_YY
11-Mar-20,303,19_GR,12_YY
13-Mar-20,303,12_YY,11_RB
13-Mar-20,303,12_YY,11_RB
13-Mar-20,303,12_YY,11_RB
13-Mar-20,303,12_YY,19_GR
13-Mar-20,303,12_YY,19_GR
13-Mar-20,303,12_YY,19_GR
13-Mar-20,303,12_YY,19_GR
13-Mar-20,303,12_YY,19_GR
13-Mar-20,303,12_YY,19_GR
13-Mar-20,303,12_YY,19_GR
13-Mar-20,303,12_YY,19_GR
13-Mar-20,303,12_YY,19_GR
13-Mar-20,303,12_YY,19_GR
13-Mar-20,303,12_YY,19_GR
13-Mar-20,303,12_YY,19_GR
13-Mar-20,303,12_YY,19_GR
13-Mar-20,303,12_YY,19_GR
13-Mar-20,303,12_YY,19_GR
13-Mar-20,303,12_YY,19_GR
13-Mar-20,303,12_YY,19_GR
13-Mar-20,303,12_YY,19_GR
13-Mar-20,303,12_YY,19_GR
13-Mar-20,303,12_YY,19_GR
13-Mar-20,303,19_GR,11_RB
13-Mar-20,303,19_GR,12_YY
13-Mar-20,303,19_GR,12_YY
14-Mar-20,303,12_YY,19_GR
14-Mar-20,303,12_YY,19_GR
14-Mar-20,303,12_YY,19_GR
14-Mar-20,303,12_YY,19_GR
14-Mar-20,303,12_YY,19_GR
14-Mar-20,303,12_YY,19_GR
14-Mar-20,303,12_YY,19_GR
14-Mar-20,303,12_YY,19_GR
14-Mar-20,303,12_YY,19_GR
14-Mar-20,303,19_GR,12_YY
14-Mar-20,303,19_GR,12_YY
14-Mar-20,303,19_GR,11_RB
14-Mar-20,303,19_GR,11_RB
14-Mar-20,303,19_GR,11_RB
14-Mar-20,303,19_GR,11_RB
14-Mar-20,303,19_GR,11_RB
14-Mar-20,303,19_GR,11_RB
15-Mar-20,303,11_RB,19_GR
15-Mar-20,303,11_RB,19_GR
15-Mar-20,303,11_RB,19_GR
15-Mar-20,303,12_YY,11_RB
15-Mar-20,303,12_YY,19_GR
15-Mar-20,303,12_YY,19_GR
15-Mar-20,303,12_YY,19_GR
15-Mar-20,303,12_YY,19_GR
15-Mar-20,303,12_YY,19_GR
15-Mar-20,303,12_YY,19_GR
15-Mar-20,303,12_YY,19_GR
15-Mar-20,303,12_YY,19_GR
15-Mar-20,303,12_YY,19_GR
15-Mar-20,303,12_YY,19_GR
15-Mar-20,303,12_YY,19_GR
15-Mar-20,303,12_YY,19_GR
15-Mar-20,303,19_GR,12_YY
15-Mar-20,303,19_GR,12_YY
15-Mar-20,303,19_GR,12_YY
15-Mar-20,303,19_GR,12_YY
15-Mar-20,303,19_GR,11_RB
15-Mar-20,303,19_GR,11_RB
15-Mar-20,303,19_GR,11_RB
15-Mar-20,303,19_GR,11_RB
15-Mar-20,303,19_GR,11_RB
15-Mar-20,303,19_GR,11_RB
15-Mar-20,303,19_GR,11_RB
15-Mar-20,303,19_GR,11_RB
15-Mar-20,303,19_GR,11_RB
15-Mar-20,303,19_GR,11_RB
15-Mar-20,303,19_GR,11_RB
15-Mar-20,303,19_GR,11_RB
15-Mar-20,303,19_GR,11_RB
15-Mar-20,303,19_GR,11_RB
15-Mar-20,303,19_GR,11_RB
15-Mar-20,303,19_GR,11_RB
15-Mar-20,303,19_GR,11_RB
16-Mar-20,303,12_YY,11_RB
16-Mar-20,303,12_YY,11_RB
16-Mar-20,303,12_YY,19_GR
16-Mar-20,303,12_YY,19_GR
16-Mar-20,303,12_YY,19_GR
16-Mar-20,303,12_YY,19_GR
16-Mar-20,303,12_YY,19_GR
16-Mar-20,303,12_YY,19_GR
16-Mar-20,303,12_YY,19_GR
16-Mar-20,303,12_YY,19_GR
16-Mar-20,303,12_YY,19_GR
16-Mar-20,303,12_YY,19_GR
16-Mar-20,303,12_YY,19_GR
16-Mar-20,303,12_YY,19_GR
16-Mar-20,303,12_YY,19_GR
16-Mar-20,303,12_YY,19_GR
16-Mar-20,303,12_YY,19_GR
16-Mar-20,303,19_GR,11_RB
16-Mar-20,303,19_GR,11_RB
16-Mar-20,303,19_GR,11_RB
16-Mar-20,303,19_GR,11_RB
16-Mar-20,303,19_GR,11_RB
16-Mar-20,303,19_GR,11_RB
16-Mar-20,303,19_GR,11_RB
16-Mar-20,303,19_GR,11_RB
16-Mar-20,303,19_GR,11_RB
16-Mar-20,303,19_GR,12_YY
16-Mar-20,303,19_GR,12_YY
16-Mar-20,303,19_GR,12_YY
17-Mar-20,303,12_YY,19_GR
17-Mar-20,303,12_YY,19_GR
17-Mar-20,303,12_YY,19_GR
17-Mar-20,303,12_YY,19_GR
17-Mar-20,303,12_YY,19_GR
17-Mar-20,303,12_YY,19_GR
17-Mar-20,303,12_YY,19_GR
17-Mar-20,303,12_YY,19_GR
17-Mar-20,303,12_YY,19_GR
17-Mar-20,303,12_YY,19_GR
17-Mar-20,303,12_YY,19_GR
17-Mar-20,303,12_YY,19_GR
17-Mar-20,303,12_YY,19_GR
17-Mar-20,303,19_GR,11_RB
17-Mar-20,303,19_GR,11_RB
17-Mar-20,303,19_GR,11_RB
17-Mar-20,303,19_GR,11_RB
18-Mar-20,303,12_YY,19_GR
18-Mar-20,303,12_YY,19_GR
18-Mar-20,303,12_YY,19_GR
18-Mar-20,303,12_YY,19_GR
18-Mar-20,303,12_YY,19_GR
18-Mar-20,303,19_GR,12_YY
12-Aug-19,308,1_YR,4_BR
12-Aug-19,308,1_YR,4_BR
12-Aug-19,308,1_YR,4_BR
12-Aug-19,308,1_YR,4_BR
12-Aug-19,308,1_YR,4_BR
12-Aug-19,308,3_31_BY,4_BR
12-Aug-19,308,3_31_BY,4_BR
12-Aug-19,308,3_31_BY,6_26_GG
12-Aug-19,308,3_31_BY,6_26_GG
12-Aug-19,308,3_31_BY,6_26_GG
12-Aug-19,308,6_26_GG,3_31_BY
12-Aug-19,308,6_26_GG,3_31_BY
12-Aug-19,308,6_26_GG,1_YR
12-Aug-19,308,6_26_GG,1_YR
12-Aug-19,308,6_26_GG,1_YR
12-Aug-19,308,6_26_GG,4_BR
12-Aug-19,308,6_26_GG,4_BR
12-Aug-19,308,6_26_GG,4_BR
12-Aug-19,308,6_26_GG,4_BR
12-Aug-19,308,6_26_GG,4_BR
13-Aug-19,308,1_YR,6_26_GG
13-Aug-19,308,3_31_BY,1_YR
13-Aug-19,308,3_31_BY,1_YR
13-Aug-19,308,3_31_BY,1_YR
13-Aug-19,308,3_31_BY,4_BR
13-Aug-19,308,3_31_BY,4_BR
13-Aug-19,308,4_BR,1_YR
13-Aug-19,308,4_BR,1_YR
13-Aug-19,308,4_BR,1_YR
13-Aug-19,308,4_BR,1_YR
13-Aug-19,308,4_BR,1_YR
13-Aug-19,308,4_BR,1_YR
13-Aug-19,308,4_BR,3_31_BY
13-Aug-19,308,4_BR,3_31_BY
13-Aug-19,308,4_BR,6_26_GG
13-Aug-19,308,6_26_GG,1_YR
13-Aug-19,308,6_26_GG,1_YR
13-Aug-19,308,6_26_GG,1_YR
13-Aug-19,308,6_26_GG,1_YR
13-Aug-19,308,6_26_GG,1_YR
13-Aug-19,308,6_26_GG,1_YR
13-Aug-19,308,6_26_GG,3_31_BY
13-Aug-19,308,6_26_GG,4_BR
13-Aug-19,308,6_26_GG,4_BR
14-Aug-19,308,3_31_BY,1_YR
14-Aug-19,308,3_31_BY,1_YR
14-Aug-19,308,3_31_BY,1_YR
14-Aug-19,308,3_31_BY,1_YR
14-Aug-19,308,3_31_BY,1_YR
14-Aug-19,308,3_31_BY,1_YR
14-Aug-19,308,3_31_BY,1_YR
14-Aug-19,308,3_31_BY,4_BR
14-Aug-19,308,3_31_BY,4_BR
14-Aug-19,308,4_BR,1_YR
14-Aug-19,308,4_BR,1_YR
14-Aug-19,308,4_BR,1_YR
14-Aug-19,308,4_BR,1_YR
14-Aug-19,308,4_BR,1_YR
14-Aug-19,308,4_BR,1_YR
14-Aug-19,308,4_BR,3_31_BY
14-Aug-19,308,4_BR,3_31_BY
14-Aug-19,308,4_BR,3_31_BY
14-Aug-19,308,4_BR,3_31_BY
14-Aug-19,308,6_26_GG,1_YR
14-Aug-19,308,6_26_GG,1_YR
14-Aug-19,308,6_26_GG,1_YR
14-Aug-19,308,6_26_GG,3_31_BY
14-Aug-19,308,6_26_GG,3_31_BY
14-Aug-19,308,6_26_GG,4_BR
14-Aug-19,308,6_26_GG,4_BR
14-Aug-19,308,6_26_GG,4_BR
14-Aug-19,308,6_26_GG,4_BR
14-Aug-19,308,6_26_GG,4_BR
14-Aug-19,308,6_26_GG,4_BR
15-Aug-19,308,4_BR,3_31_BY
15-Aug-19,308,4_BR,3_31_BY
15-Aug-19,308,4_BR,6_26_GG
15-Aug-19,308,4_BR,6_26_GG
15-Aug-19,308,4_BR,6_26_GG
15-Aug-19,308,6_26_GG,3_31_BY
15-Aug-19,308,6_26_GG,3_31_BY
15-Aug-19,308,6_26_GG,3_31_BY
15-Aug-19,308,6_26_GG,3_31_BY
15-Aug-19,308,6_26_GG,4_BR
15-Aug-19,308,6_26_GG,4_BR
15-Aug-19,308,6_26_GG,4_BR
15-Aug-19,308,6_26_GG,4_BR
15-Aug-19,308,6_26_GG,4_BR
15-Aug-19,308,6_26_GG,4_BR
16-Aug-19,308,4_BR,3_31_BY
16-Aug-19,308,4_BR,3_31_BY
16-Aug-19,308,6_26_GG,3_31_BY
16-Aug-19,308,6_26_GG,4_BR
17-Aug-19,308,3_31_BY,1_YR
17-Aug-19,308,3_31_BY,1_YR
17-Aug-19,308,3_31_BY,1_YR
17-Aug-19,308,3_31_BY,4_BR
17-Aug-19,308,4_BR,1_YR
17-Aug-19,308,4_BR,1_YR
17-Aug-19,308,4_BR,1_YR
17-Aug-19,308,4_BR,1_YR
17-Aug-19,308,4_BR,6_26_GG
17-Aug-19,308,4_BR,6_26_GG
17-Aug-19,308,6_26_GG,1_YR
17-Aug-19,308,6_26_GG,1_YR
17-Aug-19,308,6_26_GG,3_31_BY
17-Aug-19,308,6_26_GG,3_31_BY
17-Aug-19,308,6_26_GG,3_31_BY
17-Aug-19,308,6_26_GG,3_31_BY
17-Aug-19,308,6_26_GG,3_31_BY
17-Aug-19,308,6_26_GG,3_31_BY
17-Aug-19,308,6_26_GG,3_31_BY
17-Aug-19,308,6_26_GG,4_BR
17-Aug-19,308,6_26_GG,4_BR
17-Aug-19,308,6_26_GG,4_BR
17-Aug-19,308,6_26_GG,4_BR
17-Aug-19,308,6_26_GG,4_BR
17-Aug-19,308,6_26_GG,4_BR
18-Aug-19,308,4_BR,3_31_BY
18-Aug-19,308,4_BR,6_26_GG
18-Aug-19,308,6_26_GG,4_BR
18-Aug-19,308,6_26_GG,4_BR
18-Aug-19,308,6_26_GG,4_BR
18-Aug-19,308,6_26_GG,4_BR
18-Aug-19,308,6_26_GG,4_BR
18-Aug-19,308,6_26_GG,4_BR
18-Aug-19,308,6_26_GG,4_BR
18-Aug-19,308,6_26_GG,4_BR
19-Aug-19,308,4_BR,6_26_GG
19-Aug-19,308,4_BR,6_26_GG
19-Aug-19,308,4_BR,6_26_GG
19-Aug-19,308,4_BR,6_26_GG
19-Aug-19,308,4_BR,6_26_GG
19-Aug-19,308,6_26_GG,4_BR
19-Aug-19,308,6_26_GG,4_BR
19-Aug-19,308,6_26_GG,4_BR
19-Aug-19,308,6_26_GG,4_BR
19-Aug-19,308,6_26_GG,4_BR
19-Aug-19,308,6_26_GG,4_BR
19-Aug-19,308,6_26_GG,4_BR
19-Aug-19,308,6_26_GG,4_BR
19-Aug-19,308,6_26_GG,3_31_BY
19-Aug-19,308,6_26_GG,3_31_BY
19-Aug-19,308,6_26_GG,3_31_BY
19-Aug-19,308,6_26_GG,3_31_BY
3-Dec-19,312,6_YY,5_BY
3-Dec-19,312,6_YY,5_BY
3-Dec-19,312,6_YY,4_RY
7-Dec-19,312,5_BY,4_RY
7-Dec-19,312,6_YY,4_RY
7-Dec-19,312,6_YY,4_RY
9-Dec-19,312,6_YY,4_RY
14-Apr-20,344,17_YY,3_UNTAG_1
15-Apr-20,344,15_RR,3_UNTAG_1
17-Apr-20,344,17_YY,3_UNTAG_1
17-Apr-20,344,17_YY,3_UNTAG_1
17-Apr-20,344,17_YY,3_UNTAG_1
17-Apr-20,344,17_YY,3_UNTAG_1
17-Apr-20,344,17_YY,3_UNTAG_1
17-Apr-20,344,17_YY,3_UNTAG_1
17-Apr-20,344,17_YY,3_UNTAG_1
17-Apr-20,344,17_YY,3_UNTAG_1
17-Apr-20,344,17_YY,3_UNTAG_1
17-Apr-20,344,17_YY,3_UNTAG_1
17-Apr-20,344,17_YY,3_UNTAG_1
17-Apr-20,344,17_YY,3_UNTAG_1
17-Apr-20,344,17_YY,3_UNTAG_1
17-Apr-20,344,17_YY,3_UNTAG_1
17-Apr-20,344,17_YY,3_UNTAG_1
17-Apr-20,344,17_YY,3_UNTAG_1
17-Apr-20,344,17_YY,3_UNTAG_1
17-Apr-20,344,17_YY,3_UNTAG_1
17-Apr-20,344,17_YY,3_UNTAG_1
17-Apr-20,344,17_YY,3_UNTAG_1
17-Apr-20,344,17_YY,3_UNTAG_1
17-Apr-20,344,17_YY,3_UNTAG_1
18-Apr-20,344,15_RR,3_UNTAG_1
18-Apr-20,344,15_RR,3_UNTAG_1
18-Apr-20,344,17_YY,3_UNTAG_1
18-Apr-20,344,17_YY,3_UNTAG_1
18-Apr-20,344,17_YY,3_UNTAG_1
18-Apr-20,344,17_YY,3_UNTAG_1
19-Apr-20,344,15_RR,17_YY
19-Apr-20,344,15_RR,17_YY
19-Apr-20,344,15_RR,17_YY
19-Apr-20,344,15_RR,3_UNTAG_1
19-Apr-20,344,15_RR,3_UNTAG_1
19-Apr-20,344,15_RR,3_UNTAG_1
19-Apr-20,344,15_RR,3_UNTAG_1
19-Apr-20,344,15_RR,3_UNTAG_1
19-Apr-20,344,15_RR,3_UNTAG_1
19-Apr-20,344,15_RR,3_UNTAG_1
19-Apr-20,344,15_RR,3_UNTAG_1
19-Apr-20,344,17_YY,3_UNTAG_1
19-Apr-20,344,17_YY,3_UNTAG_1
19-Apr-20,344,17_YY,3_UNTAG_1
19-Apr-20,344,17_YY,3_UNTAG_1
19-Apr-20,344,17_YY,3_UNTAG_1
20-Apr-20,344,15_RR,3_UNTAG_1
20-Apr-20,344,15_RR,3_UNTAG_1
20-Apr-20,344,15_RR,3_UNTAG_1
20-Apr-20,344,15_RR,3_UNTAG_1
20-Apr-20,344,15_RR,3_UNTAG_1
20-Apr-20,344,15_RR,3_UNTAG_1
20-Apr-20,344,15_RR,3_UNTAG_1
20-Apr-20,344,17_YY,3_UNTAG_1
20-Apr-20,344,17_YY,3_UNTAG_1
20-Apr-20,344,17_YY,3_UNTAG_1
20-Apr-20,344,17_YY,3_UNTAG_1
22-Apr-20,344,15_RR,17_YY
22-Apr-20,344,15_RR,17_YY
22-Apr-20,344,15_RR,17_YY
22-Apr-20,344,15_RR,3_UNTAG_1
23-Apr-20,344,15_RR,3_UNTAG_1
23-Apr-20,344,15_RR,3_UNTAG_1
23-Apr-20,344,15_RR,3_UNTAG_1
16-Jan-20,401,7_RY,8_RR
16-Jan-20,401,7_RY,8_RR
16-Jan-20,401,7_RY,8_RR
16-Jan-20,401,7_RY,9_GY
16-Jan-20,401,7_RY,9_GY
17-Jan-20,401,8_RR,7_RY
17-Jan-20,401,8_RR,7_RY
17-Jan-20,401,8_RR,7_RY
17-Jan-20,401,8_RR,7_RY
17-Jan-20,401,8_RR,7_RY
17-Jan-20,401,8_RR,7_RY
17-Jan-20,401,8_RR,7_RY
17-Jan-20,401,9_GY,8_RR
17-Jan-20,401,9_GY,8_RR
17-Jan-20,401,9_GY,8_RR
17-Jan-20,401,9_GY,8_RR
17-Jan-20,401,9_GY,8_RR
17-Jan-20,401,9_GY,7_RY
17-Jan-20,401,9_GY,7_RY
17-Jan-20,401,9_GY,7_RY
17-Jan-20,401,9_GY,7_RY
17-Jan-20,401,9_GY,7_RY
17-Jan-20,401,9_GY,7_RY
17-Jan-20,401,9_GY,7_RY
17-Jan-20,401,9_GY,7_RY
17-Jan-20,401,9_GY,7_RY
18-Jan-20,401,8_RR,9_GY
18-Jan-20,401,8_RR,9_GY
18-Jan-20,401,8_RR,9_GY
18-Jan-20,401,8_RR,7_RY
18-Jan-20,401,8_RR,7_RY
18-Jan-20,401,8_RR,7_RY
18-Jan-20,401,8_RR,7_RY
18-Jan-20,401,8_RR,7_RY
18-Jan-20,401,8_RR,7_RY
18-Jan-20,401,9_GY,7_RY
18-Jan-20,401,9_GY,7_RY
18-Jan-20,401,9_GY,8_RR
18-Jan-20,401,9_GY,8_RR
19-Jan-20,401,7_RY,9_GY
19-Jan-20,401,7_RY,9_GY
19-Jan-20,401,7_RY,9_GY
19-Jan-20,401,7_RY,9_GY
19-Jan-20,401,8_RR,7_RY
19-Jan-20,401,8_RR,9_GY
19-Jan-20,401,8_RR,9_GY
19-Jan-20,401,8_RR,9_GY
19-Jan-20,401,9_GY,7_RY
19-Jan-20,401,9_GY,7_RY
20-Jan-20,401,8_RR,7_RY
20-Jan-20,401,8_RR,7_RY
20-Jan-20,401,8_RR,9_GY
20-Jan-20,401,8_RR,9_GY
20-Jan-20,401,8_RR,9_GY
20-Jan-20,401,9_GY,7_RY
20-Jan-20,401,9_GY,7_RY
20-Jan-20,401,9_GY,7_RY
20-Jan-20,401,9_GY,7_RY
20-Jan-20,401,9_GY,7_RY
22-Jan-20,401,8_RR,7_RY
22-Jan-20,401,8_RR,7_RY
22-Jan-20,401,8_RR,7_RY
22-Jan-20,401,8_RR,7_RY
22-Jan-20,401,8_RR,7_RY
22-Jan-20,401,8_RR,7_RY
22-Jan-20,401,8_RR,7_RY
22-Jan-20,401,9_GY,7_RY
22-Jan-20,401,9_GY,7_RY
22-Jan-20,401,9_GY,7_RY
22-Jan-20,401,9_GY,7_RY
22-Jan-20,401,9_GY,7_RY
22-Jan-20,401,9_GY,7_RY
22-Jan-20,401,9_GY,7_RY
22-Jan-20,401,9_GY,7_RY
22-Jan-20,401,9_GY,7_RY
22-Jan-20,401,9_GY,7_RY
24-Jan-20,401,8_RR,7_RY
24-Jan-20,401,8_RR,9_GY
24-Jan-20,401,8_RR,9_GY
24-Jan-20,401,9_GY,7_RY
24-Jan-20,401,9_GY,7_RY
25-Jan-20,401,7_RY,9_GY
25-Jan-20,401,8_RR,9_GY
25-Jan-20,401,8_RR,9_GY
25-Jan-20,401,8_RR,9_GY
25-Jan-20,401,9_GY,7_RY
20-Feb-20,402,10_BY,11_RY
20-Feb-20,402,10_BY,11_RY
20-Feb-20,402,10_BY,12_GR
20-Feb-20,402,10_BY,12_GR
20-Feb-20,402,11_RY,10_BY
20-Feb-20,402,11_RY,10_BY
20-Feb-20,402,11_RY,10_BY
20-Feb-20,402,11_RY,10_BY
20-Feb-20,402,12_GR,10_BY
20-Feb-20,402,12_GR,10_BY
20-Feb-20,402,12_GR,10_BY
21-Feb-20,402,11_RY,10_BY
21-Feb-20,402,11_RY,10_BY
10-Mar-20,403,19_GG,3_UNTAG_3
10-Mar-20,403,19_GG,3_UNTAG_3
10-Mar-20,403,19_GG,5_RB
10-Mar-20,403,3_UNTAG_3,19_GG
11-Mar-20,403,19_GG,3_UNTAG_3
11-Mar-20,403,19_GG,3_UNTAG_3
11-Mar-20,403,19_GG,3_UNTAG_3
11-Mar-20,403,3_UNTAG_3,19_GG
11-Mar-20,403,3_UNTAG_3,19_GG
13-Mar-20,403,19_GG,5_RB
13-Mar-20,403,19_GG,5_RB
13-Mar-20,403,19_GG,5_RB
13-Mar-20,403,19_GG,5_RB
13-Mar-20,403,19_GG,3_UNTAG_3
13-Mar-20,403,19_GG,3_UNTAG_3
13-Mar-20,403,19_GG,3_UNTAG_3
13-Mar-20,403,19_GG,3_UNTAG_3
13-Mar-20,403,3_UNTAG_3,5_RB
13-Mar-20,403,3_UNTAG_3,5_RB
13-Mar-20,403,3_UNTAG_3,5_RB
13-Mar-20,403,3_UNTAG_3,5_RB
13-Mar-20,403,3_UNTAG_3,5_RB
13-Mar-20,403,3_UNTAG_3,5_RB
13-Mar-20,403,3_UNTAG_3,5_RB
13-Mar-20,403,3_UNTAG_3,19_GG
13-Mar-20,403,3_UNTAG_3,19_GG
13-Mar-20,403,3_UNTAG_3,19_GG
13-Mar-20,403,3_UNTAG_3,19_GG
13-Mar-20,403,3_UNTAG_3,19_GG
13-Mar-20,403,3_UNTAG_3,19_GG
13-Mar-20,403,3_UNTAG_3,19_GG
13-Mar-20,403,3_UNTAG_3,19_GG
13-Mar-20,403,3_UNTAG_3,19_GG
13-Mar-20,403,3_UNTAG_3,19_GG
13-Mar-20,403,3_UNTAG_3,19_GG
14-Mar-20,403,19_GG,3_UNTAG_3
14-Mar-20,403,19_GG,3_UNTAG_3
14-Mar-20,403,19_GG,3_UNTAG_3
14-Mar-20,403,19_GG,5_RB
14-Mar-20,403,3_UNTAG_3,5_RB
14-Mar-20,403,3_UNTAG_3,19_GG
14-Mar-20,403,3_UNTAG_3,19_GG
14-Mar-20,403,3_UNTAG_3,19_GG
14-Mar-20,403,3_UNTAG_3,19_GG
15-Mar-20,403,19_GG,5_RB
15-Mar-20,403,19_GG,5_RB
15-Mar-20,403,19_GG,5_RB
15-Mar-20,403,19_GG,5_RB
15-Mar-20,403,19_GG,5_RB
15-Mar-20,403,19_GG,5_RB
16-Mar-20,403,19_GG,3_UNTAG_3
16-Mar-20,403,19_GG,5_RB
16-Mar-20,403,19_GG,5_RB
16-Mar-20,403,19_GG,5_RB
16-Mar-20,403,19_GG,5_RB
16-Mar-20,403,19_GG,5_RB
16-Mar-20,403,19_GG,5_RB
16-Mar-20,403,19_GG,5_RB
16-Mar-20,403,19_GG,5_RB
16-Mar-20,403,19_GG,5_RB
16-Mar-20,403,19_GG,5_RB
16-Mar-20,403,3_UNTAG_3,5_RB
16-Mar-20,403,3_UNTAG_3,5_RB
16-Mar-20,403,3_UNTAG_3,5_RB
16-Mar-20,403,3_UNTAG_3,5_RB
16-Mar-20,403,3_UNTAG_3,5_RB
16-Mar-20,403,3_UNTAG_3,5_RB
16-Mar-20,403,3_UNTAG_3,5_RB
16-Mar-20,403,3_UNTAG_3,19_GG
16-Mar-20,403,3_UNTAG_3,19_GG
16-Mar-20,403,3_UNTAG_3,19_GG
16-Mar-20,403,3_UNTAG_3,19_GG
16-Mar-20,403,3_UNTAG_3,19_GG
16-Mar-20,403,3_UNTAG_3,19_GG
16-Mar-20,403,3_UNTAG_3,19_GG
16-Mar-20,403,3_UNTAG_3,19_GG
16-Mar-20,403,3_UNTAG_3,19_GG
16-Mar-20,403,3_UNTAG_3,19_GG
16-Mar-20,403,3_UNTAG_3,19_GG
16-Mar-20,403,5_RB,19_GG
17-Mar-20,403,19_GG,5_RB
17-Mar-20,403,19_GG,5_RB
17-Mar-20,403,19_GG,5_RB
17-Mar-20,403,19_GG,5_RB
17-Mar-20,403,19_GG,5_RB
17-Mar-20,403,19_GG,5_RB
17-Mar-20,403,19_GG,5_RB
17-Mar-20,403,19_GG,5_RB
17-Mar-20,403,19_GG,5_RB
17-Mar-20,403,19_GG,5_RB
17-Mar-20,403,19_GG,5_RB
17-Mar-20,403,19_GG,5_RB
17-Mar-20,403,19_GG,5_RB
17-Mar-20,403,19_GG,19_GG
17-Mar-20,403,3_UNTAG_3,5_RB
17-Mar-20,403,3_UNTAG_3,5_RB
17-Mar-20,403,3_UNTAG_3,5_RB
17-Mar-20,403,3_UNTAG_3,5_RB
17-Mar-20,403,3_UNTAG_3,19_GG
17-Mar-20,403,3_UNTAG_3,19_GG
17-Mar-20,403,3_UNTAG_3,19_GG
17-Mar-20,403,3_UNTAG_3,19_GG
17-Mar-20,403,3_UNTAG_3,19_GG
17-Mar-20,403,3_UNTAG_3,19_GG
18-Mar-20,403,3_UNTAG_3,19_GG
18-Mar-20,403,3_UNTAG_3,19_GG
18-Mar-20,403,3_UNTAG_3,19_GG
18-Mar-20,403,3_UNTAG_3,5_RB
12-Aug-19,408,1_27_GR,6_6_BB
12-Aug-19,408,1_27_GR,7_GB
12-Aug-19,408,1_27_GR,7_GB
12-Aug-19,408,1_27_GR,7_GB
12-Aug-19,408,1_27_GR,4_BG
12-Aug-19,408,1_27_GR,4_BG
12-Aug-19,408,1_27_GR,4_BG
12-Aug-19,408,1_27_GR,4_BG
12-Aug-19,408,6_6_BB,7_GB
12-Aug-19,408,6_6_BB,7_GB
12-Aug-19,408,6_6_BB,4_BG
12-Aug-19,408,6_6_BB,4_BG
12-Aug-19,408,6_6_BB,4_BG
12-Aug-19,408,6_6_BB,4_BG
13-Aug-19,408,1_27_GR,4_BG
13-Aug-19,408,1_27_GR,4_BG
13-Aug-19,408,1_27_GR,4_BG
13-Aug-19,408,1_27_GR,6_6_BB
13-Aug-19,408,1_27_GR,6_6_BB
13-Aug-19,408,1_27_GR,6_6_BB
13-Aug-19,408,1_27_GR,6_6_BB
13-Aug-19,408,1_27_GR,6_6_BB
13-Aug-19,408,1_27_GR,6_6_BB
13-Aug-19,408,1_27_GR,6_6_BB
13-Aug-19,408,1_27_GR,6_6_BB
13-Aug-19,408,1_27_GR,6_6_BB
13-Aug-19,408,1_27_GR,6_6_BB
13-Aug-19,408,1_27_GR,7_GB
13-Aug-19,408,1_27_GR,7_GB
13-Aug-19,408,1_27_GR,7_GB
13-Aug-19,408,4_BG,7_GB
13-Aug-19,408,7_GB,4_BG
13-Aug-19,408,7_GB,4_BG
13-Aug-19,408,7_GB,4_BG
13-Aug-19,408,7_GB,4_BG
13-Aug-19,408,7_GB,6_6_BB
13-Aug-19,408,7_GB,6_6_BB
13-Aug-19,408,7_GB,6_6_BB
13-Aug-19,408,7_GB,6_6_BB
14-Aug-19,408,1_27_GR,4_BG
14-Aug-19,408,1_27_GR,4_BG
14-Aug-19,408,1_27_GR,6_6_BB
14-Aug-19,408,1_27_GR,6_6_BB
14-Aug-19,408,1_27_GR,6_6_BB
14-Aug-19,408,1_27_GR,6_6_BB
14-Aug-19,408,1_27_GR,6_6_BB
14-Aug-19,408,1_27_GR,6_6_BB
14-Aug-19,408,1_27_GR,6_6_BB
14-Aug-19,408,4_BG,7_GB
14-Aug-19,408,6_6_BB,4_BG
14-Aug-19,408,6_6_BB,4_BG
14-Aug-19,408,6_6_BB,7_GB
14-Aug-19,408,6_6_BB,7_GB
14-Aug-19,408,7_GB,1_27_GR
14-Aug-19,408,7_GB,1_27_GR
14-Aug-19,408,7_GB,4_BG
14-Aug-19,408,7_GB,4_BG
14-Aug-19,408,7_GB,6_6_BB
14-Aug-19,408,7_GB,6_6_BB
14-Aug-19,408,7_GB,6_6_BB
14-Aug-19,408,7_GB,6_6_BB
14-Aug-19,408,7_GB,6_6_BB
14-Aug-19,408,7_GB,6_6_BB
14-Aug-19,408,7_GB,6_6_BB
14-Aug-19,408,7_GB,6_6_BB
15-Aug-19,408,1_27_GR,4_BG
15-Aug-19,408,1_27_GR,4_BG
15-Aug-19,408,1_27_GR,4_BG
15-Aug-19,408,1_27_GR,4_BG
15-Aug-19,408,1_27_GR,6_6_BB
15-Aug-19,408,1_27_GR,6_6_BB
15-Aug-19,408,1_27_GR,6_6_BB
15-Aug-19,408,1_27_GR,6_6_BB
15-Aug-19,408,1_27_GR,6_6_BB
15-Aug-19,408,1_27_GR,6_6_BB
15-Aug-19,408,4_BG,1_27_GR
15-Aug-19,408,4_BG,6_6_BB
15-Aug-19,408,4_BG,6_6_BB
15-Aug-19,408,6_6_BB,1_27_GR
15-Aug-19,408,6_6_BB,4_BG
15-Aug-19,408,6_6_BB,7_GB
15-Aug-19,408,6_6_BB,7_GB
15-Aug-19,408,6_6_BB,7_GB
15-Aug-19,408,7_GB,6_6_BB
15-Aug-19,408,7_GB,6_6_BB
15-Aug-19,408,7_GB,6_6_BB
15-Aug-19,408,7_GB,6_6_BB
15-Aug-19,408,7_GB,6_6_BB
15-Aug-19,408,7_GB,6_6_BB
15-Aug-19,408,7_GB,6_6_BB
15-Aug-19,408,7_GB,6_6_BB
15-Aug-19,408,7_GB,6_6_BB
15-Aug-19,408,7_GB,6_6_BB
15-Aug-19,408,7_GB,6_6_BB
15-Aug-19,408,7_GB,6_6_BB
16-Aug-19,408,1_27_GR,4_BG
16-Aug-19,408,1_27_GR,4_BG
16-Aug-19,408,1_27_GR,4_BG
16-Aug-19,408,1_27_GR,6_6_BB
16-Aug-19,408,1_27_GR,6_6_BB
16-Aug-19,408,1_27_GR,6_6_BB
16-Aug-19,408,1_27_GR,6_6_BB
16-Aug-19,408,1_27_GR,6_6_BB
16-Aug-19,408,1_27_GR,6_6_BB
16-Aug-19,408,1_27_GR,6_6_BB
16-Aug-19,408,1_27_GR,6_6_BB
16-Aug-19,408,1_27_GR,6_6_BB
16-Aug-19,408,1_27_GR,6_6_BB
16-Aug-19,408,1_27_GR,7_GB
16-Aug-19,408,1_27_GR,7_GB
16-Aug-19,408,1_27_GR,7_GB
16-Aug-19,408,4_BG,6_6_BB
16-Aug-19,408,4_BG,6_6_BB
16-Aug-19,408,6_6_BB,1_27_GR
16-Aug-19,408,6_6_BB,1_27_GR
16-Aug-19,408,6_6_BB,4_BG
16-Aug-19,408,6_6_BB,7_GB
16-Aug-19,408,6_6_BB,7_GB
16-Aug-19,408,6_6_BB,7_GB
16-Aug-19,408,6_6_BB,7_GB
16-Aug-19,408,7_GB,1_27_GR
16-Aug-19,408,7_GB,1_27_GR
16-Aug-19,408,7_GB,4_BG
16-Aug-19,408,7_GB,6_6_BB
16-Aug-19,408,7_GB,6_6_BB
16-Aug-19,408,7_GB,6_6_BB
16-Aug-19,408,7_GB,6_6_BB
16-Aug-19,408,7_GB,6_6_BB
16-Aug-19,408,7_GB,6_6_BB
17-Aug-19,408,1_27_GR,4_BG
17-Aug-19,408,1_27_GR,4_BG
17-Aug-19,408,1_27_GR,4_BG
17-Aug-19,408,1_27_GR,4_BG
17-Aug-19,408,1_27_GR,4_BG
17-Aug-19,408,1_27_GR,6_6_BB
17-Aug-19,408,1_27_GR,6_6_BB
17-Aug-19,408,1_27_GR,6_6_BB
17-Aug-19,408,1_27_GR,6_6_BB
17-Aug-19,408,1_27_GR,6_6_BB
17-Aug-19,408,1_27_GR,6_6_BB
17-Aug-19,408,1_27_GR,6_6_BB
17-Aug-19,408,4_BG,7_GB
17-Aug-19,408,4_BG,6_6_BB
17-Aug-19,408,4_BG,6_6_BB
17-Aug-19,408,6_6_BB,1_27_GR
17-Aug-19,408,6_6_BB,4_BG
17-Aug-19,408,6_6_BB,4_BG
17-Aug-19,408,7_GB,4_BG
17-Aug-19,408,7_GB,4_BG
17-Aug-19,408,7_GB,4_BG
17-Aug-19,408,7_GB,4_BG
17-Aug-19,408,7_GB,4_BG
17-Aug-19,408,7_GB,4_BG
17-Aug-19,408,7_GB,4_BG
17-Aug-19,408,7_GB,4_BG
17-Aug-19,408,7_GB,4_BG
18-Aug-19,408,1_27_GR,4_BG
18-Aug-19,408,1_27_GR,4_BG
18-Aug-19,408,1_27_GR,4_BG
18-Aug-19,408,1_27_GR,4_BG
18-Aug-19,408,1_27_GR,4_BG
18-Aug-19,408,1_27_GR,4_BG
18-Aug-19,408,1_27_GR,4_BG
18-Aug-19,408,1_27_GR,4_BG
18-Aug-19,408,1_27_GR,4_BG
18-Aug-19,408,1_27_GR,4_BG
18-Aug-19,408,1_27_GR,4_BG
18-Aug-19,408,1_27_GR,4_BG
18-Aug-19,408,1_27_GR,6_6_BB
18-Aug-19,408,1_27_GR,6_6_BB
18-Aug-19,408,1_27_GR,6_6_BB
18-Aug-19,408,1_27_GR,6_6_BB
18-Aug-19,408,1_27_GR,6_6_BB
18-Aug-19,408,1_27_GR,6_6_BB
18-Aug-19,408,1_27_GR,7_GB
18-Aug-19,408,1_27_GR,7_GB
18-Aug-19,408,1_27_GR,7_GB
18-Aug-19,408,1_27_GR,7_GB
18-Aug-19,408,1_27_GR,7_GB
18-Aug-19,408,1_27_GR,7_GB
18-Aug-19,408,6_6_BB,4_BG
18-Aug-19,408,7_GB,1_27_GR
18-Aug-19,408,7_GB,4_BG
18-Aug-19,408,7_GB,4_BG
18-Aug-19,408,7_GB,4_BG
18-Aug-19,408,7_GB,4_BG
18-Aug-19,408,7_GB,4_BG
18-Aug-19,408,7_GB,4_BG
18-Aug-19,408,7_GB,4_BG
18-Aug-19,408,7_GB,4_BG
18-Aug-19,408,7_GB,6_6_BB
18-Aug-19,408,7_GB,6_6_BB
18-Aug-19,408,7_GB,6_6_BB
18-Aug-19,408,7_GB,6_6_BB
18-Aug-19,408,7_GB,6_6_BB
19-Aug-19,408,1_27_GR,7_GB
19-Aug-19,408,1_27_GR,7_GB
19-Aug-19,408,1_27_GR,7_GB
19-Aug-19,408,1_27_GR,6_6_BB
19-Aug-19,408,1_27_GR,6_6_BB
19-Aug-19,408,1_27_GR,6_6_BB
19-Aug-19,408,1_27_GR,6_6_BB
19-Aug-19,408,1_27_GR,6_6_BB
19-Aug-19,408,1_27_GR,6_6_BB
19-Aug-19,408,1_27_GR,6_6_BB
19-Aug-19,408,1_27_GR,6_6_BB
19-Aug-19,408,1_27_GR,4_BG
19-Aug-19,408,1_27_GR,4_BG
19-Aug-19,408,1_27_GR,4_BG
19-Aug-19,408,1_27_GR,4_BG
19-Aug-19,408,1_27_GR,4_BG
19-Aug-19,408,4_BG,6_6_BB
19-Aug-19,408,4_BG,6_6_BB
19-Aug-19,408,4_BG,7_GB
19-Aug-19,408,4_BG,1_27_GR
19-Aug-19,408,7_GB,4_BG
19-Aug-19,408,7_GB,4_BG
3-Dec-19,412,4_YB,6_YR
3-Dec-19,412,4_YB,6_YR
3-Dec-19,412,5_BR,6_YR
3-Dec-19,412,6_YR,4_YB
4-Dec-19,412,4_YB,6_YR
4-Dec-19,412,4_YB,6_YR
4-Dec-19,412,6_YR,4_YB
4-Dec-19,412,6_YR,4_YB
4-Dec-19,412,6_YR,5_BR
5-Dec-19,412,5_BR,6_YR
8-Dec-19,412,4_YB,6_YR
8-Dec-19,412,4_YB,6_YR
8-Dec-19,412,4_YB,6_YR
8-Dec-19,412,4_YB,6_YR
8-Dec-19,412,4_YB,6_YR
8-Dec-19,412,4_YB,6_YR
8-Dec-19,412,4_YB,6_YR
8-Dec-19,412,4_YB,6_YR
8-Dec-19,412,4_YB,6_YR
8-Dec-19,412,4_YB,6_YR
8-Dec-19,412,4_YB,5_BR
8-Dec-19,412,4_YB,5_BR
8-Dec-19,412,4_YB,5_BR
8-Dec-19,412,5_BR,6_YR
8-Dec-19,412,5_BR,6_YR
9-Dec-19,412,4_YB,5_BR
9-Dec-19,412,4_YB,5_BR
9-Dec-19,412,4_YB,6_YR
9-Dec-19,412,4_YB,6_YR
9-Dec-19,412,4_YB,6_YR
9-Dec-19,412,4_YB,6_YR
9-Dec-19,412,4_YB,6_YR
9-Dec-19,412,4_YB,6_YR
9-Dec-19,412,5_BR,6_YR
10-Dec-19,412,4_YB,6_YR
10-Dec-19,412,4_YB,6_YR
10-Dec-19,412,4_YB,6_YR
10-Dec-19,412,4_YB,6_YR
10-Dec-19,412,4_YB,6_YR
10-Dec-19,412,4_YB,5_BR
10-Dec-19,412,5_BR,4_YB
10-Dec-19,412,5_BR,4_YB
10-Dec-19,412,5_BR,4_YB
10-Dec-19,412,5_BR,4_YB
11-Dec-19,412,6_YR,5_BR
11-Dec-19,412,6_YR,5_BR
17-Apr-20,444,16_BB,4_UNTAG
17-Apr-20,444,16_BB,4_UNTAG
18-Apr-20,444,4_UNTAG,18_RR
18-Apr-20,444,4_UNTAG,18_RR
18-Apr-20,444,4_UNTAG,18_RR
18-Apr-20,444,4_UNTAG,18_RR
19-Apr-20,444,16_BB,4_UNTAG
19-Apr-20,444,16_BB,18_RR
19-Apr-20,444,16_BB,18_RR
19-Apr-20,444,16_BB,18_RR
19-Apr-20,444,16_BB,18_RR
19-Apr-20,444,16_BB,18_RR
19-Apr-20,444,16_BB,18_RR
19-Apr-20,444,16_BB,18_RR
19-Apr-20,444,16_BB,18_RR
19-Apr-20,444,16_BB,18_RR
19-Apr-20,444,16_BB,18_RR
19-Apr-20,444,18_RR,16_BB
20-Apr-20,444,16_BB,18_RR
20-Apr-20,444,16_BB,4_UNTAG
20-Apr-20,444,16_BB,4_UNTAG
20-Apr-20,444,16_BB,4_UNTAG
23-Apr-20,444,16_BB,18_RR
23-Apr-20,444,16_BB,18_RR
23-Apr-20,444,16_BB,18_RR
23-Apr-20,444,16_BB,18_RR
23-Apr-20,444,16_BB,18_RR
23-Apr-20,444,16_BB,18_RR
23-Apr-20,444,16_BB,18_RR
17-Jan-21,101,6_BR,8_BY
17-Jan-21,101,8_BY,6_BR
17-Jan-21,101,8_BY,6_BR
17-Jan-21,101,8_BY,6_BR
17-Jan-21,101,8_BY,6_BR
18-Jan-21,101,9_GG,8_BY
18-Jan-21,101,9_GG,8_BY
18-Jan-21,101,9_GG,8_BY
18-Jan-21,101,9_GG,8_BY
18-Jan-21,101,9_GG,8_BY
20-Jan-21,101,9_GG,6_BR
21-Jan-21,101,9_GG,8_BY
23-Jan-21,101,9_GG,8_BY
23-Jan-21,101,9_GG,8_BY
24-Jan-21,101,9_GG,6_BR
24-Jan-21,101,9_GG,6_BR
24-Jan-21,101,9_GG,8_BY
24-Jan-21,101,9_GG,8_BY
24-Jan-21,101,9_GG,8_BY
24-Jan-21,101,9_GG,8_BY
24-Jan-21,101,9_GG,8_BY
24-Jan-21,101,9_GG,8_BY
26-Mar-21,131,2_UNTAG_1,3_YR
28-Mar-21,131,2_UNTAG_1,3_YR
28-Mar-21,131,2_UNTAG_1,3_YR
28-Mar-21,131,2_UNTAG_1,3_YR
28-Mar-21,131,2_UNTAG_1,3_YR
28-Mar-21,131,2_UNTAG_1,3_YR
28-Mar-21,131,2_UNTAG_1,3_YR
29-Mar-21,131,2_UNTAG_1,3_YR
29-Mar-21,131,2_UNTAG_1,3_YR
29-Mar-21,131,2_UNTAG_1,3_YR
29-Mar-21,131,2_UNTAG_1,3_YR
29-Mar-21,131,2_UNTAG_1,3_YR
30-Mar-21,131,2_UNTAG_1,3_YR
31-Mar-21,131,2_UNTAG_1,3_YR
1-Apr-21,131,2_UNTAG_1,3_YR
1-Apr-21,131,2_UNTAG_1,3_YR
1-Apr-21,131,2_UNTAG_1,3_YR
1-Apr-21,131,2_UNTAG_1,3_YR
4-Apr-21,104,14_BY,18_YG
4-Apr-21,104,14_BY,2_UNTAG_7
5-Apr-21,104,14_BY,2_UNTAG_7
5-Apr-21,104,14_BY,2_UNTAG_7
5-Apr-21,104,14_BY,17_BR
5-Apr-21,104,14_BY,18_YG
5-Apr-21,104,17_BR,18_YG
5-Apr-21,104,18_YG,2_UNTAG_7
5-Apr-21,104,2_UNTAG_7,18_YG
5-Apr-21,104,2_UNTAG_7,18_YG
5-Apr-21,104,2_UNTAG_7,18_YG
6-Apr-21,104,17_BR,2_UNTAG_7
6-Apr-21,104,17_BR,2_UNTAG_7
6-Apr-21,104,17_BR,2_UNTAG_7
6-Apr-21,104,17_BR,2_UNTAG_7
6-Apr-21,104,17_BR,2_UNTAG_7
6-Apr-21,104,17_BR,2_UNTAG_7
6-Apr-21,104,17_BR,14_BY
6-Apr-21,104,17_BR,14_BY
6-Apr-21,104,17_BR,14_BY
6-Apr-21,104,17_BR,14_BY
6-Apr-21,104,17_BR,14_BY
6-Apr-21,104,17_BR,14_BY
6-Apr-21,104,17_BR,18_YG
6-Apr-21,104,2_UNTAG_7,18_YG
7-Apr-21,104,14_BY,2_UNTAG_7
7-Apr-21,104,14_BY,18_YG
7-Apr-21,104,14_BY,18_YG
7-Apr-21,104,17_BR,2_UNTAG_7
7-Apr-21,104,17_BR,2_UNTAG_7
7-Apr-21,104,17_BR,2_UNTAG_7
7-Apr-21,104,17_BR,2_UNTAG_7
7-Apr-21,104,17_BR,2_UNTAG_7
7-Apr-21,104,17_BR,2_UNTAG_7
7-Apr-21,104,17_BR,2_UNTAG_7
7-Apr-21,104,17_BR,18_YG
7-Apr-21,104,17_BR,18_YG
7-Apr-21,104,17_BR,18_YG
7-Apr-21,104,17_BR,14_BY
7-Apr-21,104,17_BR,14_BY
8-Apr-21,104,14_BY,2_UNTAG_7
8-Apr-21,104,14_BY,2_UNTAG_7
8-Apr-21,104,14_BY,2_UNTAG_7
8-Apr-21,104,14_BY,2_UNTAG_7
8-Apr-21,104,14_BY,2_UNTAG_7
8-Apr-21,104,14_BY,18_YG
8-Apr-21,104,14_BY,18_YG
8-Apr-21,104,2_UNTAG_7,18_YG
9-Apr-21,104,14_BY,18_YG
9-Apr-21,104,14_BY,2_UNTAG_7
9-Apr-21,104,14_BY,2_UNTAG_7
9-Apr-21,104,17_BR,2_UNTAG_7
9-Apr-21,104,17_BR,2_UNTAG_7
9-Apr-21,104,17_BR,2_UNTAG_7
9-Apr-21,104,17_BR,2_UNTAG_7
9-Apr-21,104,17_BR,2_UNTAG_7
9-Apr-21,104,17_BR,2_UNTAG_7
9-Apr-21,104,17_BR,2_UNTAG_7
9-Apr-21,104,17_BR,2_UNTAG_7
9-Apr-21,104,17_BR,2_UNTAG_7
9-Apr-21,104,17_BR,2_UNTAG_7
9-Apr-21,104,17_BR,2_UNTAG_7
9-Apr-21,104,17_BR,2_UNTAG_7
9-Apr-21,104,17_BR,2_UNTAG_7
9-Apr-21,104,17_BR,14_BY
9-Apr-21,104,17_BR,14_BY
10-Apr-21,104,14_BY,2_UNTAG_7
10-Apr-21,104,14_BY,2_UNTAG_7
10-Apr-21,104,14_BY,2_UNTAG_7
10-Apr-21,104,14_BY,17_BR
10-Apr-21,104,17_BR,2_UNTAG_7
10-Apr-21,104,17_BR,2_UNTAG_7
10-Apr-21,104,17_BR,2_UNTAG_7
10-Apr-21,104,17_BR,2_UNTAG_7
10-Apr-21,104,17_BR,2_UNTAG_7
10-Apr-21,104,17_BR,2_UNTAG_7
10-Apr-21,104,17_BR,14_BY
10-Apr-21,104,17_BR,14_BY
10-Apr-21,104,17_BR,14_BY
10-Apr-21,104,18_YG,2_UNTAG_7
10-Apr-21,104,2_UNTAG_7,18_YG
10-Apr-21,104,2_UNTAG_7,18_YG
10-Apr-21,104,2_UNTAG_7,18_YG
10-Apr-21,104,2_UNTAG_7,18_YG
10-Apr-21,104,2_UNTAG_7,18_YG
10-Apr-21,104,2_UNTAG_7,18_YG
10-Apr-21,104,2_UNTAG_7,18_YG
10-Apr-21,104,2_UNTAG_7,18_YG
10-Apr-21,104,2_UNTAG_7,18_YG
10-Apr-21,104,2_UNTAG_7,18_YG
10-Apr-21,104,2_UNTAG_7,18_YG
10-Apr-21,104,2_UNTAG_7,14_BY
11-Apr-21,104,14_BY,17_BR
11-Apr-21,104,14_BY,17_BR
11-Apr-21,104,17_BR,2_UNTAG_7
11-Apr-21,104,17_BR,2_UNTAG_7
11-Apr-21,104,17_BR,2_UNTAG_7
11-Apr-21,104,17_BR,14_BY
11-Apr-21,104,17_BR,14_BY
12-Apr-21,104,14_BY,2_UNTAG_7
12-Apr-21,104,14_BY,2_UNTAG_7
12-Apr-21,104,17_BR,14_BY
12-Apr-21,104,17_BR,14_BY
12-Apr-21,104,17_BR,14_BY
12-Apr-21,104,17_BR,14_BY
12-Apr-21,104,17_BR,2_UNTAG_7
21-Oct-21,111,10_RY,12_BR
21-Oct-21,111,10_RY,12_BR
21-Oct-21,111,10_RY,12_BR
21-Oct-21,111,10_RY,12_BR
21-Oct-21,111,10_RY,12_BR
21-Oct-21,111,10_RY,13_YG
21-Oct-21,111,10_RY,13_YG
21-Oct-21,111,10_RY,13_YG
21-Oct-21,111,10_RY,13_YG
21-Oct-21,111,10_RY,13_YG
21-Oct-21,111,10_RY,13_YG
21-Oct-21,111,10_RY,13_YG
21-Oct-21,111,13_YG,12_BR
22-Oct-21,111,10_RY,12_BR
22-Oct-21,111,10_RY,12_BR
22-Oct-21,111,10_RY,12_BR
22-Oct-21,111,10_RY,13_YG
22-Oct-21,111,10_RY,13_YG
22-Oct-21,111,10_RY,13_YG
22-Oct-21,111,10_RY,13_YG
24-Oct-21,111,10_RY,13_YG
24-Oct-21,111,10_RY,13_YG
24-Oct-21,111,10_RY,13_YG
24-Oct-21,111,10_RY,13_YG
24-Oct-21,111,10_RY,13_YG
24-Oct-21,111,10_RY,13_YG
24-Oct-21,111,10_RY,13_YG
24-Oct-21,111,10_RY,12_BR
24-Oct-21,111,12_BR,13_YG
24-Oct-21,111,12_BR,13_YG
24-Oct-21,111,12_BR,13_YG
25-Oct-21,111,10_RY,12_BR
25-Oct-21,111,10_RY,12_BR
25-Oct-21,111,10_RY,12_BR
25-Oct-21,111,10_RY,13_YG
25-Oct-21,111,10_RY,13_YG
25-Oct-21,111,10_RY,13_YG
25-Oct-21,111,10_RY,13_YG
25-Oct-21,111,10_RY,13_YG
25-Oct-21,111,10_RY,13_YG
26-Oct-21,111,10_RY,12_BR
26-Oct-21,111,10_RY,12_BR
26-Oct-21,111,10_RY,12_BR
26-Oct-21,111,10_RY,13_YG
26-Oct-21,111,10_RY,13_YG
26-Oct-21,111,10_RY,13_YG
26-Oct-21,111,10_RY,13_YG
26-Oct-21,111,12_BR,13_YG
27-Oct-21,111,10_RY,12_BR
27-Oct-21,111,10_RY,12_BR
28-Oct-21,111,10_RY,12_BR
28-Oct-21,111,10_RY,12_BR
28-Oct-21,111,10_RY,12_BR
28-Oct-21,111,10_RY,13_YG
28-Oct-21,111,10_RY,13_YG
28-Oct-21,111,10_RY,13_YG
28-Oct-21,111,10_RY,13_YG
28-Oct-21,111,12_BR,13_YG
29-Oct-21,111,10_RY,12_BR
29-Oct-21,111,10_RY,12_BR
29-Oct-21,111,10_RY,12_BR
29-Oct-21,111,10_RY,12_BR
29-Oct-21,111,10_RY,12_BR
29-Oct-21,111,10_RY,13_YG
29-Oct-21,111,10_RY,13_YG
29-Oct-21,111,10_RY,13_YG
29-Oct-21,111,10_RY,13_YG
29-Oct-21,111,10_RY,13_YG
29-Oct-21,111,12_BR,13_YG
30-Oct-21,111,10_RY,12_BR
30-Oct-21,111,10_RY,12_BR
30-Oct-21,111,10_RY,12_BR
30-Oct-21,111,10_RY,13_YG
30-Oct-21,111,10_RY,13_YG
30-Oct-21,111,10_RY,13_YG
30-Oct-21,111,12_BR,13_YG
19-Jan-21,201,7_RR,6_YB
20-Jan-21,201,7_RR,8_RY
20-Jan-21,201,7_RR,8_RY
20-Jan-21,201,7_RR,8_RY
20-Jan-21,201,7_RR,6_YB
20-Jan-21,201,7_RR,6_YB
21-Jan-21,201,7_RR,8_RY
22-Jan-21,201,7_RR,6_YB
22-Jan-21,201,7_RR,6_YB
22-Jan-21,201,7_RR,6_YB
22-Jan-21,201,7_RR,8_RY
23-Jan-21,201,7_RR,8_RY
24-Jan-21,201,7_RR,6_YB
24-Jan-21,201,7_RR,6_YB
24-Jan-21,201,7_RR,6_YB
24-Jan-21,201,8_RY,6_YB
24-Jan-21,201,8_RY,6_YB
24-Jan-21,201,8_RY,6_YB
25-Jan-21,201,7_RR,8_RY
25-Jan-21,201,7_RR,8_RY
25-Jan-21,201,7_RR,8_RY
25-Jan-21,201,7_RR,6_YB
25-Jan-21,201,7_RR,6_YB
25-Jan-21,201,7_RR,6_YB
25-Jan-21,201,7_RR,6_YB
25-Jan-21,201,7_RR,6_YB
25-Jan-21,201,7_RR,6_YB
25-Jan-21,201,7_RR,6_YB
24-Mar-21,231,16_YG,15_BY
24-Mar-21,231,16_YG,2_UNTAG_2
24-Mar-21,231,16_YG,2_UNTAG_2
24-Mar-21,231,16_YG,2_UNTAG_2
24-Mar-21,231,16_YG,2_UNTAG_2
26-Mar-21,231,16_YG,2_UNTAG_2
26-Mar-21,231,16_YG,2_UNTAG_2
26-Mar-21,231,16_YG,2_UNTAG_2
26-Mar-21,231,16_YG,2_UNTAG_2
26-Mar-21,231,16_YG,2_UNTAG_2
26-Mar-21,231,16_YG,2_UNTAG_2
26-Mar-21,231,3_RB,16_YG
27-Mar-21,231,16_YG,2_UNTAG_2
27-Mar-21,231,16_YG,2_UNTAG_2
27-Mar-21,231,16_YG,2_UNTAG_2
27-Mar-21,231,16_YG,2_UNTAG_2
27-Mar-21,231,16_YG,2_UNTAG_2
27-Mar-21,231,16_YG,2_UNTAG_2
27-Mar-21,231,16_YG,2_UNTAG_2
27-Mar-21,231,16_YG,2_UNTAG_2
27-Mar-21,231,16_YG,2_UNTAG_2
27-Mar-21,231,2_UNTAG_2,16_YG
28-Mar-21,231,15_BY,2_UNTAG_2
28-Mar-21,231,15_BY,2_UNTAG_2
28-Mar-21,231,15_BY,2_UNTAG_2
28-Mar-21,231,15_BY,16_YG
28-Mar-21,231,15_BY,3_RB
28-Mar-21,231,16_YG,2_UNTAG_2
28-Mar-21,231,16_YG,2_UNTAG_2
28-Mar-21,231,16_YG,2_UNTAG_2
28-Mar-21,231,16_YG,2_UNTAG_2
28-Mar-21,231,16_YG,2_UNTAG_2
28-Mar-21,231,16_YG,2_UNTAG_2
28-Mar-21,231,3_RB,15_BY
29-Mar-21,231,15_BY,16_YG
29-Mar-21,231,15_BY,16_YG
29-Mar-21,231,15_BY,16_YG
29-Mar-21,231,15_BY,2_UNTAG_2
29-Mar-21,231,15_BY,2_UNTAG_2
29-Mar-21,231,2_UNTAG_2,16_YG
29-Mar-21,231,2_UNTAG_2,16_YG
30-Mar-21,231,15_BY,2_UNTAG_2
30-Mar-21,231,15_BY,2_UNTAG_2
30-Mar-21,231,15_BY,2_UNTAG_2
30-Mar-21,231,15_BY,2_UNTAG_2
30-Mar-21,231,15_BY,2_UNTAG_2
30-Mar-21,231,15_BY,16_YG
30-Mar-21,231,15_BY,16_YG
30-Mar-21,231,2_UNTAG_2,16_YG
30-Mar-21,231,2_UNTAG_2,16_YG
30-Mar-21,231,3_RB,2_UNTAG_2
30-Mar-21,231,3_RB,2_UNTAG_2
30-Mar-21,231,3_RB,2_UNTAG_2
30-Mar-21,231,3_RB,15_BY
30-Mar-21,231,3_RB,15_BY
31-Mar-21,231,2_UNTAG_2,15_BY
31-Mar-21,231,2_UNTAG_2,15_BY
1-Apr-21,231,15_BY,2_UNTAG_2
1-Apr-21,231,15_BY,16_YG
1-Apr-21,231,16_YG,2_UNTAG_2
1-Apr-21,231,3_RB,2_UNTAG_2
5-Apr-21,204,16_RY,17_GR
5-Apr-21,204,16_RY,17_GR
5-Apr-21,204,16_RY,5_UNTAG_1
5-Apr-21,204,16_RY,18_BB
5-Apr-21,204,16_RY,18_BB
5-Apr-21,204,16_RY,18_BB
5-Apr-21,204,18_BB,17_GR
5-Apr-21,204,18_BB,17_GR
5-Apr-21,204,18_BB,5_UNTAG_1
5-Apr-21,204,18_BB,5_UNTAG_1
5-Apr-21,204,18_BB,5_UNTAG_1
5-Apr-21,204,18_BB,5_UNTAG_1
6-Apr-21,204,16_RY,18_BB
6-Apr-21,204,16_RY,18_BB
6-Apr-21,204,16_RY,18_BB
6-Apr-21,204,16_RY,5_UNTAG_1
6-Apr-21,204,16_RY,5_UNTAG_1
6-Apr-21,204,16_RY,17_GR
6-Apr-21,204,18_BB,5_UNTAG_1
6-Apr-21,204,18_BB,5_UNTAG_1
6-Apr-21,204,18_BB,5_UNTAG_1
6-Apr-21,204,18_BB,17_GR
6-Apr-21,204,18_BB,17_GR
6-Apr-21,204,18_BB,17_GR
6-Apr-21,204,18_BB,17_GR
6-Apr-21,204,18_BB,16_RY
6-Apr-21,204,18_BB,16_RY
7-Apr-21,204,16_RY,17_GR
7-Apr-21,204,16_RY,5_UNTAG_1
7-Apr-21,204,17_GR,18_BB
7-Apr-21,204,17_GR,5_UNTAG_1
7-Apr-21,204,17_GR,5_UNTAG_1
7-Apr-21,204,17_GR,5_UNTAG_1
7-Apr-21,204,18_BB,5_UNTAG_1
7-Apr-21,204,18_BB,17_GR
8-Apr-21,204,16_RY,17_GR
9-Apr-21,204,16_RY,17_GR
10-Apr-21,204,16_RY,5_UNTAG_1
10-Apr-21,204,16_RY,5_UNTAG_1
10-Apr-21,204,16_RY,5_UNTAG_1
10-Apr-21,204,16_RY,5_UNTAG_1
10-Apr-21,204,16_RY,5_UNTAG_1
10-Apr-21,204,16_RY,5_UNTAG_1
10-Apr-21,204,16_RY,5_UNTAG_1
23-Oct-21,211,16_YY,15_RY
24-Oct-21,211,14_BB,16_YY
25-Oct-21,211,14_BB,15_RY
25-Oct-21,211,14_BB,15_RY
25-Oct-21,211,14_BB,15_RY
25-Oct-21,211,14_BB,15_RY
25-Oct-21,211,14_BB,15_RY
25-Oct-21,211,14_BB,15_RY
25-Oct-21,211,14_BB,15_RY
25-Oct-21,211,14_BB,15_RY
25-Oct-21,211,14_BB,15_RY
25-Oct-21,211,14_BB,15_RY
25-Oct-21,211,14_BB,15_RY
25-Oct-21,211,14_BB,15_RY
25-Oct-21,211,14_BB,15_RY
25-Oct-21,211,14_BB,16_YY
25-Oct-21,211,14_BB,16_YY
25-Oct-21,211,14_BB,16_YY
25-Oct-21,211,14_BB,16_YY
25-Oct-21,211,14_BB,16_YY
25-Oct-21,211,15_RY,16_YY
26-Oct-21,211,14_BB,15_RY
26-Oct-21,211,14_BB,15_RY
26-Oct-21,211,14_BB,15_RY
26-Oct-21,211,14_BB,15_RY
26-Oct-21,211,14_BB,15_RY
26-Oct-21,211,14_BB,15_RY
26-Oct-21,211,14_BB,15_RY
26-Oct-21,211,14_BB,15_RY
26-Oct-21,211,14_BB,15_RY
26-Oct-21,211,14_BB,16_YY
26-Oct-21,211,14_BB,16_YY
26-Oct-21,211,14_BB,16_YY
26-Oct-21,211,14_BB,16_YY
26-Oct-21,211,14_BB,16_YY
26-Oct-21,211,14_BB,16_YY
26-Oct-21,211,14_BB,16_YY
26-Oct-21,211,14_BB,16_YY
26-Oct-21,211,14_BB,16_YY
26-Oct-21,211,14_BB,16_YY
26-Oct-21,211,14_BB,16_YY
26-Oct-21,211,14_BB,16_YY
26-Oct-21,211,14_BB,16_YY
26-Oct-21,211,14_BB,16_YY
26-Oct-21,211,14_BB,16_YY
26-Oct-21,211,14_BB,16_YY
26-Oct-21,211,15_RY,16_YY
27-Oct-21,211,14_BB,16_YY
27-Oct-21,211,14_BB,16_YY
27-Oct-21,211,14_BB,15_RY
27-Oct-21,211,14_BB,15_RY
27-Oct-21,211,14_BB,15_RY
27-Oct-21,211,15_RY,16_YY
27-Oct-21,211,15_RY,16_YY
27-Oct-21,211,15_RY,16_YY
27-Oct-21,211,15_RY,16_YY
27-Oct-21,211,15_RY,16_YY
27-Oct-21,211,15_RY,16_YY
27-Oct-21,211,15_RY,16_YY
27-Oct-21,211,15_RY,16_YY
27-Oct-21,211,15_RY,16_YY
28-Oct-21,211,14_BB,15_RY
28-Oct-21,211,14_BB,15_RY
28-Oct-21,211,14_BB,15_RY
28-Oct-21,211,14_BB,15_RY
28-Oct-21,211,14_BB,15_RY
28-Oct-21,211,14_BB,15_RY
28-Oct-21,211,14_BB,15_RY
28-Oct-21,211,14_BB,15_RY
28-Oct-21,211,14_BB,16_YY
28-Oct-21,211,14_BB,16_YY
28-Oct-21,211,14_BB,16_YY
28-Oct-21,211,14_BB,16_YY
28-Oct-21,211,14_BB,16_YY
28-Oct-21,211,14_BB,16_YY
28-Oct-21,211,14_BB,16_YY
28-Oct-21,211,14_BB,16_YY
28-Oct-21,211,14_BB,16_YY
28-Oct-21,211,14_BB,16_YY
28-Oct-21,211,14_BB,16_YY
28-Oct-21,211,14_BB,16_YY
28-Oct-21,211,15_RY,16_YY
28-Oct-21,211,15_RY,16_YY
28-Oct-21,211,15_RY,16_YY
29-Oct-21,211,14_BB,15_RY
29-Oct-21,211,14_BB,15_RY
29-Oct-21,211,14_BB,15_RY
29-Oct-21,211,14_BB,15_RY
29-Oct-21,211,14_BB,16_YY
29-Oct-21,211,14_BB,16_YY
29-Oct-21,211,14_BB,16_YY
29-Oct-21,211,14_BB,16_YY
29-Oct-21,211,15_RY,16_YY
30-Oct-21,211,14_BB,15_RY
30-Oct-21,211,14_BB,15_RY
30-Oct-21,211,14_BB,15_RY
30-Oct-21,211,14_BB,15_RY
30-Oct-21,211,14_BB,15_RY
30-Oct-21,211,14_BB,15_RY
30-Oct-21,211,14_BB,15_RY
30-Oct-21,211,14_BB,15_RY
30-Oct-21,211,14_BB,15_RY
30-Oct-21,211,14_BB,15_RY
30-Oct-21,211,14_BB,15_RY
30-Oct-21,211,14_BB,16_YY
30-Oct-21,211,14_BB,16_YY
30-Oct-21,211,14_BB,16_YY
30-Oct-21,211,14_BB,16_YY
30-Oct-21,211,14_BB,16_YY
30-Oct-21,211,14_BB,16_YY
30-Oct-21,211,15_RY,16_YY
30-Oct-21,211,15_RY,16_YY
30-Oct-21,211,15_RY,16_YY
30-Oct-21,211,15_RY,16_YY
20-Jan-21,301,7_RB,6_BY
20-Jan-21,301,7_RB,6_BY
20-Jan-21,301,7_RB,6_BY
20-Jan-21,301,7_RB,6_BY
20-Jan-21,301,7_RB,6_BY
20-Jan-21,301,7_RB,8_BB
20-Jan-21,301,7_RB,8_BB
20-Jan-21,301,7_RB,8_BB
20-Jan-21,301,7_RB,8_BB
20-Jan-21,301,8_BB,6_BY
20-Jan-21,301,8_BB,6_BY
20-Jan-21,301,8_BB,6_BY
20-Jan-21,301,8_BB,6_BY
20-Jan-21,301,8_BB,6_BY
20-Jan-21,301,8_BB,6_BY
20-Jan-21,301,8_BB,6_BY
20-Jan-21,301,8_BB,6_BY
21-Jan-21,301,7_RB,8_BB
21-Jan-21,301,7_RB,8_BB
21-Jan-21,301,8_BB,6_BY
21-Jan-21,301,8_BB,6_BY
22-Jan-21,301,6_BY,8_BB
22-Jan-21,301,6_BY,8_BB
22-Jan-21,301,7_RB,6_BY
22-Jan-21,301,7_RB,8_BB
22-Jan-21,301,7_RB,8_BB
22-Jan-21,301,7_RB,8_BB
22-Jan-21,301,7_RB,8_BB
22-Jan-21,301,7_RB,8_BB
22-Jan-21,301,7_RB,8_BB
22-Jan-21,301,7_RB,8_BB
22-Jan-21,301,7_RB,8_BB
22-Jan-21,301,7_RB,8_BB
22-Jan-21,301,7_RB,8_BB
22-Jan-21,301,7_RB,8_BB
22-Jan-21,301,7_RB,8_BB
22-Jan-21,301,8_BB,6_BY
22-Jan-21,301,8_BB,6_BY
22-Jan-21,301,8_BB,6_BY
22-Jan-21,301,8_BB,6_BY
23-Jan-21,301,7_RB,8_BB
23-Jan-21,301,7_RB,8_BB
23-Jan-21,301,7_RB,8_BB
23-Jan-21,301,7_RB,8_BB
23-Jan-21,301,7_RB,8_BB
23-Jan-21,301,7_RB,8_BB
23-Jan-21,301,7_RB,8_BB
23-Jan-21,301,7_RB,8_BB
23-Jan-21,301,7_RB,8_BB
23-Jan-21,301,7_RB,8_BB
23-Jan-21,301,7_RB,6_BY
23-Jan-21,301,8_BB,6_BY
23-Jan-21,301,8_BB,6_BY
24-Jan-21,301,7_RB,6_BY
24-Jan-21,301,7_RB,6_BY
24-Jan-21,301,7_RB,8_BB
24-Jan-21,301,7_RB,8_BB
24-Jan-21,301,7_RB,8_BB
24-Jan-21,301,7_RB,8_BB
24-Jan-21,301,7_RB,8_BB
24-Jan-21,301,7_RB,8_BB
24-Jan-21,301,7_RB,8_BB
24-Jan-21,301,7_RB,8_BB
24-Jan-21,301,8_BB,6_BY
24-Jan-21,301,8_BB,6_BY
25-Jan-21,301,7_RB,8_BB
25-Jan-21,301,7_RB,8_BB
25-Jan-21,301,7_RB,8_BB
27-Mar-21,331,15_GG,14_YY
27-Mar-21,331,15_GG,16_BR
28-Mar-21,331,15_GG,2_UNTAG_3
28-Mar-21,331,15_GG,2_UNTAG_3
28-Mar-21,331,15_GG,2_UNTAG_3
28-Mar-21,331,15_GG,2_UNTAG_3
28-Mar-21,331,15_GG,14_YY
28-Mar-21,331,15_GG,14_YY
28-Mar-21,331,15_GG,14_YY
28-Mar-21,331,15_GG,16_BR
28-Mar-21,331,16_BR,14_YY
28-Mar-21,331,16_BR,14_YY
28-Mar-21,331,16_BR,14_YY
28-Mar-21,331,16_BR,14_YY
28-Mar-21,331,16_BR,14_YY
28-Mar-21,331,16_BR,14_YY
28-Mar-21,331,16_BR,2_UNTAG_3
28-Mar-21,331,16_BR,2_UNTAG_3
28-Mar-21,331,16_BR,2_UNTAG_3
28-Mar-21,331,16_BR,2_UNTAG_3
28-Mar-21,331,16_BR,2_UNTAG_3
28-Mar-21,331,16_BR,2_UNTAG_3
28-Mar-21,331,16_BR,2_UNTAG_3
28-Mar-21,331,16_BR,2_UNTAG_3
28-Mar-21,331,16_BR,2_UNTAG_3
29-Mar-21,331,16_BR,2_UNTAG_3
30-Mar-21,331,14_YY,2_UNTAG_3
30-Mar-21,331,14_YY,2_UNTAG_3
30-Mar-21,331,15_GG,14_YY
30-Mar-21,331,15_GG,14_YY
31-Mar-21,331,14_YY,2_UNTAG_3
31-Mar-21,331,14_YY,2_UNTAG_3
31-Mar-21,331,14_YY,2_UNTAG_3
31-Mar-21,331,15_GG,14_YY
31-Mar-21,331,15_GG,14_YY
31-Mar-21,331,15_GG,2_UNTAG_3
31-Mar-21,331,16_BR,2_UNTAG_3
31-Mar-21,331,16_BR,2_UNTAG_3
31-Mar-21,331,16_BR,2_UNTAG_3
31-Mar-21,331,16_BR,2_UNTAG_3
31-Mar-21,331,16_BR,14_YY
31-Mar-21,331,16_BR,14_YY
31-Mar-21,331,16_BR,14_YY
31-Mar-21,331,16_BR,14_YY
1-Apr-21,331,14_YY,16_BR
1-Apr-21,331,14_YY,16_BR
1-Apr-21,331,14_YY,16_BR
1-Apr-21,331,14_YY,2_UNTAG_3
1-Apr-21,331,16_BR,14_YY
1-Apr-21,331,16_BR,14_YY
1-Apr-21,331,16_BR,14_YY
1-Apr-21,331,16_BR,14_YY
1-Apr-21,331,16_BR,2_UNTAG_3
1-Apr-21,331,16_BR,2_UNTAG_3
5-Apr-21,304,16_RG,2_UNTAG_8
5-Apr-21,304,17_RR,2_UNTAG_8
5-Apr-21,304,17_RR,2_UNTAG_8
5-Apr-21,304,17_RR,2_UNTAG_8
5-Apr-21,304,17_RR,2_UNTAG_8
5-Apr-21,304,17_RR,2_UNTAG_8
5-Apr-21,304,17_RR,2_UNTAG_8
5-Apr-21,304,17_RR,2_UNTAG_8
7-Apr-21,304,16_RG,17_RR
7-Apr-21,304,17_RR,18_YB
7-Apr-21,304,18_YB,17_RR
7-Apr-21,304,18_YB,17_RR
8-Apr-21,304,16_RG,2_UNTAG_8
8-Apr-21,304,16_RG,18_YB
8-Apr-21,304,16_RG,18_YB
8-Apr-21,304,16_RG,18_YB
8-Apr-21,304,16_RG,17_RR
8-Apr-21,304,16_RG,17_RR
8-Apr-21,304,17_RR,18_YB
8-Apr-21,304,17_RR,18_YB
8-Apr-21,304,17_RR,18_YB
8-Apr-21,304,17_RR,18_YB
8-Apr-21,304,17_RR,18_YB
8-Apr-21,304,17_RR,18_YB
8-Apr-21,304,17_RR,2_UNTAG_8
8-Apr-21,304,2_UNTAG_8,18_YB
9-Apr-21,304,16_RG,17_RR
9-Apr-21,304,17_RR,18_YB
9-Apr-21,304,17_RR,18_YB
9-Apr-21,304,17_RR,18_YB
9-Apr-21,304,17_RR,18_YB
9-Apr-21,304,17_RR,18_YB
9-Apr-21,304,17_RR,18_YB
9-Apr-21,304,17_RR,18_YB
9-Apr-21,304,2_UNTAG_8,18_YB
9-Apr-21,304,2_UNTAG_8,18_YB
10-Apr-21,304,16_RG,17_RR
10-Apr-21,304,16_RG,17_RR
10-Apr-21,304,16_RG,17_RR
10-Apr-21,304,16_RG,2_UNTAG_8
10-Apr-21,304,16_RG,2_UNTAG_8
10-Apr-21,304,16_RG,2_UNTAG_8
10-Apr-21,304,16_RG,2_UNTAG_8
10-Apr-21,304,16_RG,2_UNTAG_8
10-Apr-21,304,16_RG,2_UNTAG_8
10-Apr-21,304,16_RG,2_UNTAG_8
10-Apr-21,304,16_RG,2_UNTAG_8
10-Apr-21,304,16_RG,2_UNTAG_8
10-Apr-21,304,17_RR,2_UNTAG_8
10-Apr-21,304,17_RR,2_UNTAG_8
11-Apr-21,304,16_RG,17_RR
11-Apr-21,304,16_RG,18_YB
12-Apr-21,304,16_RG,2_UNTAG_8
12-Apr-21,304,18_YB,2_UNTAG_8
12-Apr-21,304,18_YB,2_UNTAG_8
12-Apr-21,304,18_YB,17_RR
22-Oct-21,311,18_GG,17_RY
22-Oct-21,311,18_GG,17_RY
22-Oct-21,311,18_GG,17_RY
22-Oct-21,311,18_GG,17_RY
22-Oct-21,311,18_GG,17_RY
22-Oct-21,311,18_GG,17_RY
22-Oct-21,311,18_GG,17_RY
22-Oct-21,311,18_GG,17_RY
22-Oct-21,311,18_GG,17_RY
22-Oct-21,311,18_GG,17_RY
22-Oct-21,311,18_GG,14_YG
25-Oct-21,311,14_YG,17_RY
25-Oct-21,311,14_YG,17_RY
25-Oct-21,311,14_YG,18_GG
25-Oct-21,311,18_GG,17_RY
25-Oct-21,311,18_GG,17_RY
25-Oct-21,311,18_GG,17_RY
25-Oct-21,311,18_GG,14_YG
26-Oct-21,311,14_YG,17_RY
26-Oct-21,311,14_YG,17_RY
26-Oct-21,311,14_YG,18_GG
26-Oct-21,311,14_YG,18_GG
26-Oct-21,311,14_YG,18_GG
26-Oct-21,311,14_YG,18_GG
26-Oct-21,311,18_GG,14_YG
26-Oct-21,311,18_GG,17_RY
26-Oct-21,311,18_GG,17_RY
26-Oct-21,311,18_GG,17_RY
26-Oct-21,311,18_GG,17_RY
27-Oct-21,311,14_YG,17_RY
27-Oct-21,311,14_YG,17_RY
27-Oct-21,311,14_YG,17_RY
27-Oct-21,311,14_YG,17_RY
27-Oct-21,311,14_YG,17_RY
27-Oct-21,311,14_YG,17_RY
27-Oct-21,311,14_YG,17_RY
27-Oct-21,311,14_YG,18_GG
28-Oct-21,311,14_YG,17_RY
28-Oct-21,311,14_YG,17_RY
28-Oct-21,311,14_YG,17_RY
28-Oct-21,311,14_YG,17_RY
28-Oct-21,311,18_GG,17_RY
29-Oct-21,311,14_YG,17_RY
29-Oct-21,311,14_YG,17_RY
29-Oct-21,311,14_YG,17_RY
29-Oct-21,311,14_YG,18_GG
30-Oct-21,311,14_YG,17_RY
30-Oct-21,311,14_YG,17_RY
30-Oct-21,311,14_YG,18_GG
16-Jan-21,401,7_RY,8_RR
16-Jan-21,401,7_RY,8_RR
16-Jan-21,401,7_RY,8_RR
16-Jan-21,401,7_RY,9_GY
16-Jan-21,401,7_RY,9_GY
17-Jan-21,401,8_RR,7_RY
17-Jan-21,401,8_RR,7_RY
17-Jan-21,401,8_RR,7_RY
17-Jan-21,401,8_RR,7_RY
17-Jan-21,401,8_RR,7_RY
17-Jan-21,401,8_RR,7_RY
17-Jan-21,401,8_RR,7_RY
17-Jan-21,401,9_GY,8_RR
17-Jan-21,401,9_GY,8_RR
17-Jan-21,401,9_GY,8_RR
17-Jan-21,401,9_GY,8_RR
17-Jan-21,401,9_GY,8_RR
17-Jan-21,401,9_GY,7_RY
17-Jan-21,401,9_GY,7_RY
17-Jan-21,401,9_GY,7_RY
17-Jan-21,401,9_GY,7_RY
17-Jan-21,401,9_GY,7_RY
17-Jan-21,401,9_GY,7_RY
17-Jan-21,401,9_GY,7_RY
17-Jan-21,401,9_GY,7_RY
17-Jan-21,401,9_GY,7_RY
18-Jan-21,401,8_RR,7_RY
18-Jan-21,401,8_RR,7_RY
18-Jan-21,401,8_RR,7_RY
18-Jan-21,401,8_RR,7_RY
18-Jan-21,401,8_RR,7_RY
18-Jan-21,401,8_RR,7_RY
18-Jan-21,401,8_RR,9_GY
18-Jan-21,401,8_RR,9_GY
18-Jan-21,401,8_RR,9_GY
18-Jan-21,401,9_GY,7_RY
18-Jan-21,401,9_GY,7_RY
18-Jan-21,401,9_GY,8_RR
18-Jan-21,401,9_GY,8_RR
19-Jan-21,401,7_RY,9_GY
19-Jan-21,401,7_RY,9_GY
19-Jan-21,401,7_RY,9_GY
19-Jan-21,401,7_RY,9_GY
19-Jan-21,401,8_RR,9_GY
19-Jan-21,401,8_RR,9_GY
19-Jan-21,401,8_RR,9_GY
19-Jan-21,401,8_RR,7_RY
19-Jan-21,401,9_GY,7_RY
19-Jan-21,401,9_GY,7_RY
20-Jan-21,401,8_RR,7_RY
20-Jan-21,401,8_RR,7_RY
20-Jan-21,401,8_RR,9_GY
20-Jan-21,401,8_RR,9_GY
20-Jan-21,401,8_RR,9_GY
20-Jan-21,401,9_GY,7_RY
20-Jan-21,401,9_GY,7_RY
20-Jan-21,401,9_GY,7_RY
20-Jan-21,401,9_GY,7_RY
20-Jan-21,401,9_GY,7_RY
22-Jan-21,401,8_RR,7_RY
22-Jan-21,401,8_RR,7_RY
22-Jan-21,401,8_RR,7_RY
22-Jan-21,401,8_RR,7_RY
22-Jan-21,401,8_RR,7_RY
22-Jan-21,401,8_RR,7_RY
22-Jan-21,401,8_RR,7_RY
22-Jan-21,401,9_GY,7_RY
22-Jan-21,401,9_GY,7_RY
22-Jan-21,401,9_GY,7_RY
22-Jan-21,401,9_GY,7_RY
22-Jan-21,401,9_GY,7_RY
22-Jan-21,401,9_GY,7_RY
22-Jan-21,401,9_GY,7_RY
22-Jan-21,401,9_GY,7_RY
22-Jan-21,401,9_GY,7_RY
22-Jan-21,401,9_GY,7_RY
24-Jan-21,401,8_RR,7_RY
24-Jan-21,401,8_RR,9_GY
24-Jan-21,401,8_RR,9_GY
24-Jan-21,401,9_GY,7_RY
24-Jan-21,401,9_GY,7_RY
25-Jan-21,401,7_RY,9_GY
25-Jan-21,401,8_RR,9_GY
25-Jan-21,401,8_RR,9_GY
25-Jan-21,401,8_RR,9_GY
25-Jan-21,401,9_GY,7_RY
29-Mar-21,431,2_UNTAG_4,14_BR
29-Mar-21,431,2_UNTAG_4,14_BR
29-Mar-21,431,2_UNTAG_4,14_BR
31-Mar-21,431,2_UNTAG_4,14_BR
31-Mar-21,431,2_UNTAG_4,14_BR
31-Mar-21,431,2_UNTAG_4,14_BR
31-Mar-21,431,2_UNTAG_4,14_BR
31-Mar-21,431,2_UNTAG_4,14_BR
31-Mar-21,431,2_UNTAG_4,14_BR
1-Apr-21,431,2_UNTAG_4,14_BR
1-Apr-21,431,2_UNTAG_4,14_BR
1-Apr-21,431,2_UNTAG_4,14_BR
1-Apr-21,431,2_UNTAG_4,14_BR
1-Apr-21,431,2_UNTAG_4,14_BR
5-Apr-21,404,2_UNTAG_9,16_RR
6-Apr-21,404,14_GG,2_UNTAG_9
6-Apr-21,404,14_GG,2_UNTAG_9
6-Apr-21,404,14_GG,17_BY
6-Apr-21,404,17_BY,2_UNTAG_9
6-Apr-21,404,17_BY,2_UNTAG_9
6-Apr-21,404,17_BY,2_UNTAG_9
6-Apr-21,404,17_BY,2_UNTAG_9
6-Apr-21,404,17_BY,2_UNTAG_9
6-Apr-21,404,17_BY,2_UNTAG_9
6-Apr-21,404,17_BY,2_UNTAG_9
6-Apr-21,404,2_UNTAG_9,16_RR
6-Apr-21,404,2_UNTAG_9,16_RR
6-Apr-21,404,2_UNTAG_9,16_RR
6-Apr-21,404,2_UNTAG_9,17_BY
6-Apr-21,404,2_UNTAG_9,17_BY
6-Apr-21,404,2_UNTAG_9,17_BY
6-Apr-21,404,2_UNTAG_9,14_GG
6-Apr-21,404,2_UNTAG_9,14_GG
7-Apr-21,404,14_GG,16_RR
7-Apr-21,404,14_GG,16_RR
7-Apr-21,404,14_GG,16_RR
7-Apr-21,404,14_GG,16_RR
7-Apr-21,404,14_GG,16_RR
7-Apr-21,404,14_GG,17_BY
7-Apr-21,404,16_RR,2_UNTAG_9
7-Apr-21,404,16_RR,14_GG
7-Apr-21,404,16_RR,14_GG
7-Apr-21,404,16_RR,14_GG
7-Apr-21,404,16_RR,14_GG
7-Apr-21,404,17_BY,2_UNTAG_9
7-Apr-21,404,17_BY,2_UNTAG_9
7-Apr-21,404,17_BY,2_UNTAG_9
7-Apr-21,404,17_BY,2_UNTAG_9
7-Apr-21,404,17_BY,2_UNTAG_9
7-Apr-21,404,17_BY,2_UNTAG_9
7-Apr-21,404,17_BY,14_GG
7-Apr-21,404,2_UNTAG_9,14_GG
8-Apr-21,404,14_GG,17_BY
8-Apr-21,404,14_GG,17_BY
8-Apr-21,404,14_GG,17_BY
8-Apr-21,404,14_GG,2_UNTAG_9
8-Apr-21,404,14_GG,2_UNTAG_9
8-Apr-21,404,14_GG,2_UNTAG_9
8-Apr-21,404,14_GG,2_UNTAG_9
8-Apr-21,404,14_GG,2_UNTAG_9
8-Apr-21,404,14_GG,2_UNTAG_9
8-Apr-21,404,16_RR,14_GG
8-Apr-21,404,16_RR,14_GG
8-Apr-21,404,16_RR,14_GG
8-Apr-21,404,16_RR,14_GG
8-Apr-21,404,16_RR,14_GG
8-Apr-21,404,16_RR,14_GG
8-Apr-21,404,16_RR,14_GG
8-Apr-21,404,16_RR,14_GG
8-Apr-21,404,16_RR,14_GG
8-Apr-21,404,16_RR,14_GG
8-Apr-21,404,16_RR,14_GG
8-Apr-21,404,16_RR,14_GG
8-Apr-21,404,16_RR,14_GG
8-Apr-21,404,16_RR,14_GG
8-Apr-21,404,16_RR,2_UNTAG_9
8-Apr-21,404,17_BY,2_UNTAG_9
8-Apr-21,404,2_UNTAG_9,14_GG
8-Apr-21,404,2_UNTAG_9,14_GG
8-Apr-21,404,2_UNTAG_9,14_GG
8-Apr-21,404,2_UNTAG_9,14_GG
8-Apr-21,404,2_UNTAG_9,14_GG
8-Apr-21,404,2_UNTAG_9,17_BY
9-Apr-21,404,14_GG,17_BY
9-Apr-21,404,16_RR,14_GG
9-Apr-21,404,16_RR,14_GG
9-Apr-21,404,16_RR,14_GG
9-Apr-21,404,16_RR,14_GG
9-Apr-21,404,16_RR,17_BY
9-Apr-21,404,17_BY,2_UNTAG_9
9-Apr-21,404,17_BY,2_UNTAG_9
9-Apr-21,404,17_BY,2_UNTAG_9
9-Apr-21,404,17_BY,2_UNTAG_9
9-Apr-21,404,17_BY,2_UNTAG_9
9-Apr-21,404,17_BY,2_UNTAG_9
9-Apr-21,404,2_UNTAG_9,17_BY
9-Apr-21,404,2_UNTAG_9,17_BY
10-Apr-21,404,14_GG,2_UNTAG_9
10-Apr-21,404,14_GG,2_UNTAG_9
10-Apr-21,404,14_GG,16_RR
10-Apr-21,404,14_GG,17_BY
10-Apr-21,404,14_GG,17_BY
10-Apr-21,404,16_RR,14_GG
10-Apr-21,404,17_BY,16_RR
10-Apr-21,404,17_BY,14_GG
10-Apr-21,404,17_BY,2_UNTAG_9
10-Apr-21,404,2_UNTAG_9,17_BY
10-Apr-21,404,2_UNTAG_9,17_BY
10-Apr-21,404,2_UNTAG_9,17_BY
10-Apr-21,404,2_UNTAG_9,17_BY
10-Apr-21,404,2_UNTAG_9,14_GG
10-Apr-21,404,2_UNTAG_9,14_GG
10-Apr-21,404,2_UNTAG_9,14_GG
11-Apr-21,404,14_GG,17_BY
11-Apr-21,404,14_GG,17_BY
11-Apr-21,404,14_GG,17_BY
11-Apr-21,404,14_GG,17_BY
11-Apr-21,404,17_BY,14_GG
11-Apr-21,404,17_BY,14_GG
11-Apr-21,404,17_BY,14_GG
11-Apr-21,404,17_BY,14_GG
11-Apr-21,404,17_BY,14_GG
11-Apr-21,404,17_BY,14_GG
11-Apr-21,404,17_BY,14_GG
11-Apr-21,404,17_BY,2_UNTAG_9
12-Apr-21,404,14_GG,2_UNTAG_9
12-Apr-21,404,14_GG,2_UNTAG_9
12-Apr-21,404,14_GG,2_UNTAG_9
12-Apr-21,404,14_GG,2_UNTAG_9
12-Apr-21,404,14_GG,2_UNTAG_9
12-Apr-21,404,16_RR,14_GG
12-Apr-21,404,17_BY,2_UNTAG_9
12-Apr-21,404,17_BY,2_UNTAG_9
12-Apr-21,404,17_BY,2_UNTAG_9
12-Apr-21,404,17_BY,2_UNTAG_9
12-Apr-21,404,2_UNTAG_9,14_GG
21-Oct-21,411,15_YR,17_BB
21-Oct-21,411,17_BB,15_YR
23-Oct-21,411,16_GY,15_YR
23-Oct-21,411,16_GY,17_BB
24-Oct-21,411,15_YR,16_GY
24-Oct-21,411,16_GY,17_BB
24-Oct-21,411,16_GY,17_BB
24-Oct-21,411,16_GY,17_BB
24-Oct-21,411,16_GY,17_BB
24-Oct-21,411,16_GY,17_BB
24-Oct-21,411,16_GY,17_BB
24-Oct-21,411,16_GY,17_BB
24-Oct-21,411,16_GY,17_BB
24-Oct-21,411,16_GY,17_BB
24-Oct-21,411,16_GY,17_BB
24-Oct-21,411,16_GY,17_BB
24-Oct-21,411,16_GY,17_BB
24-Oct-21,411,16_GY,17_BB
24-Oct-21,411,16_GY,17_BB
24-Oct-21,411,16_GY,17_BB
24-Oct-21,411,16_GY,15_YR
24-Oct-21,411,16_GY,15_YR
24-Oct-21,411,16_GY,15_YR
24-Oct-21,411,16_GY,15_YR
24-Oct-21,411,16_GY,15_YR
24-Oct-21,411,16_GY,15_YR
24-Oct-21,411,16_GY,15_YR
24-Oct-21,411,17_BB,16_GY
25-Oct-21,411,16_GY,15_YR
25-Oct-21,411,16_GY,15_YR
25-Oct-21,411,16_GY,15_YR
25-Oct-21,411,16_GY,17_BB
25-Oct-21,411,16_GY,17_BB
25-Oct-21,411,16_GY,17_BB
25-Oct-21,411,16_GY,17_BB
25-Oct-21,411,16_GY,17_BB
25-Oct-21,411,16_GY,17_BB
25-Oct-21,411,16_GY,17_BB
25-Oct-21,411,17_BB,15_YR
26-Oct-21,411,15_YR,17_BB
26-Oct-21,411,15_YR,17_BB
26-Oct-21,411,15_YR,17_BB
26-Oct-21,411,15_YR,17_BB
26-Oct-21,411,15_YR,17_BB
26-Oct-21,411,15_YR,17_BB
26-Oct-21,411,15_YR,17_BB
26-Oct-21,411,15_YR,17_BB
26-Oct-21,411,16_GY,15_YR
26-Oct-21,411,16_GY,15_YR
26-Oct-21,411,16_GY,15_YR
26-Oct-21,411,16_GY,15_YR
26-Oct-21,411,16_GY,15_YR
26-Oct-21,411,16_GY,15_YR
26-Oct-21,411,16_GY,15_YR
26-Oct-21,411,16_GY,17_BB
26-Oct-21,411,16_GY,17_BB
26-Oct-21,411,16_GY,17_BB
26-Oct-21,411,16_GY,17_BB
26-Oct-21,411,16_GY,17_BB
26-Oct-21,411,17_BB,15_YR
26-Oct-21,411,17_BB,15_YR
26-Oct-21,411,17_BB,15_YR
26-Oct-21,411,17_BB,15_YR
26-Oct-21,411,17_BB,15_YR
26-Oct-21,411,17_BB,15_YR
26-Oct-21,411,17_BB,15_YR
26-Oct-21,411,17_BB,15_YR
26-Oct-21,411,17_BB,15_YR
26-Oct-21,411,17_BB,15_YR
26-Oct-21,411,17_BB,15_YR
26-Oct-21,411,17_BB,15_YR
26-Oct-21,411,17_BB,15_YR
26-Oct-21,411,17_BB,15_YR
26-Oct-21,411,17_BB,15_YR
26-Oct-21,411,17_BB,16_GY
27-Oct-21,411,16_GY,17_BB
27-Oct-21,411,16_GY,17_BB
27-Oct-21,411,16_GY,17_BB
27-Oct-21,411,17_BB,15_YR
27-Oct-21,411,17_BB,16_GY
28-Oct-21,411,16_GY,15_YR
28-Oct-21,411,16_GY,15_YR
28-Oct-21,411,16_GY,15_YR
28-Oct-21,411,16_GY,15_YR
28-Oct-21,411,16_GY,15_YR
28-Oct-21,411,16_GY,15_YR
28-Oct-21,411,16_GY,17_BB
28-Oct-21,411,16_GY,17_BB
28-Oct-21,411,16_GY,17_BB
28-Oct-21,411,16_GY,17_BB
28-Oct-21,411,17_BB,15_YR
28-Oct-21,411,17_BB,15_YR
28-Oct-21,411,17_BB,15_YR
28-Oct-21,411,17_BB,16_GY
28-Oct-21,411,17_BB,16_GY
29-Oct-21,411,15_YR,17_BB
29-Oct-21,411,15_YR,17_BB
29-Oct-21,411,15_YR,17_BB
29-Oct-21,411,15_YR,17_BB
29-Oct-21,411,15_YR,17_BB
29-Oct-21,411,16_GY,15_YR
29-Oct-21,411,16_GY,17_BB
29-Oct-21,411,16_GY,17_BB
29-Oct-21,411,16_GY,17_BB
29-Oct-21,411,17_BB,15_YR
30-Oct-21,411,15_YR,16_GY
30-Oct-21,411,15_YR,17_BB
30-Oct-21,411,15_YR,17_BB
30-Oct-21,411,15_YR,17_BB
30-Oct-21,411,15_YR,17_BB
30-Oct-21,411,15_YR,17_BB
30-Oct-21,411,15_YR,17_BB
30-Oct-21,411,15_YR,17_BB
30-Oct-21,411,15_YR,17_BB
30-Oct-21,411,15_YR,17_BB
30-Oct-21,411,16_GY,15_YR
30-Oct-21,411,16_GY,17_BB
30-Oct-21,411,16_GY,17_BB
30-Oct-21,411,16_GY,17_BB
6-Apr-21,504,1_UNTAG_1,5_RR
6-Apr-21,504,1_UNTAG_1,17_BG
7-Apr-21,504,1_UNTAG_1,17_BG
7-Apr-21,504,1_UNTAG_1,17_BG
7-Apr-21,504,1_UNTAG_1,15_YY
7-Apr-21,504,1_UNTAG_1,15_YY
7-Apr-21,504,1_UNTAG_1,15_YY
7-Apr-21,504,1_UNTAG_1,15_YY
7-Apr-21,504,1_UNTAG_1,5_RR
7-Apr-21,504,1_UNTAG_1,5_RR
7-Apr-21,504,1_UNTAG_1,5_RR
7-Apr-21,504,1_UNTAG_1,5_RR
8-Apr-21,504,1_UNTAG_1,15_YY
8-Apr-21,504,1_UNTAG_1,17_BG
8-Apr-21,504,15_YY,17_BG
9-Apr-21,504,1_UNTAG_1,5_RR
9-Apr-21,504,1_UNTAG_1,17_BG
10-Apr-21,504,1_UNTAG_1,15_YY
11-Apr-21,504,1_UNTAG_1,17_BG
11-Apr-21,504,1_UNTAG_1,15_YY
12-Apr-21,504,1_UNTAG_1,15_YY
12-Apr-21,504,1_UNTAG_1,15_YY
12-Apr-21,504,5_RR,15_YY
12-Apr-21,504,5_RR,15_YY
23-Mar-21,631,15_RB,2_UNTAG_6
27-Mar-21,631,2_UNTAG_6,15_RB
31-Mar-21,631,15_RB,2_UNTAG_6
31-Mar-21,631,15_RB,2_UNTAG_6
31-Mar-21,631,15_RB,2_UNTAG_6
31-Mar-21,631,15_RB,2_UNTAG_6
31-Mar-21,631,15_RB,2_UNTAG_6
31-Mar-21,631,15_RB,2_UNTAG_6
31-Mar-21,631,15_RB,2_UNTAG_6
31-Mar-21,631,15_RB,2_UNTAG_6
1-Apr-21,631,15_RB,2_UNTAG_6
1-Apr-21,631,15_RB,2_UNTAG_6
1-Apr-21,631,2_UNTAG_6,15_RB
1-Apr-21,631,2_UNTAG_6,15_RB
3-Apr-21,604,15_BR,18_YY
5-Apr-21,604,17_RB,18_YY
5-Apr-21,604,17_RB,18_YY
7-Apr-21,604,1_UNTAG_2,18_YY
7-Apr-21,604,1_UNTAG_2,18_YY
7-Apr-21,604,15_BR,18_YY
7-Apr-21,604,17_RB,1_UNTAG_2
7-Apr-21,604,18_YY,15_BR
8-Apr-21,604,17_RB,1_UNTAG_2
8-Apr-21,604,17_RB,1_UNTAG_2
8-Apr-21,604,17_RB,1_UNTAG_2
9-Apr-21,604,1_UNTAG_2,17_RB
9-Apr-21,604,1_UNTAG_2,17_RB
9-Apr-21,604,1_UNTAG_2,17_RB
9-Apr-21,604,1_UNTAG_2,18_YY
9-Apr-21,604,1_UNTAG_2,18_YY
9-Apr-21,604,1_UNTAG_2,18_YY
9-Apr-21,604,1_UNTAG_2,18_YY
9-Apr-21,604,1_UNTAG_2,18_YY
9-Apr-21,604,17_RB,18_YY
9-Apr-21,604,17_RB,18_YY
9-Apr-21,604,17_RB,18_YY
9-Apr-21,604,18_YY,15_BR
9-Apr-21,604,18_YY,15_BR
9-Apr-21,604,18_YY,15_BR
9-Apr-21,604,18_YY,15_BR
9-Apr-21,604,18_YY,15_BR
9-Apr-21,604,18_YY,15_BR
9-Apr-21,604,18_YY,15_BR
9-Apr-21,604,18_YY,15_BR
10-Apr-21,604,1_UNTAG_2,18_YY
10-Apr-21,604,1_UNTAG_2,18_YY
10-Apr-21,604,1_UNTAG_2,18_YY
10-Apr-21,604,1_UNTAG_2,18_YY
10-Apr-21,604,17_RB,1_UNTAG_2
10-Apr-21,604,17_RB,1_UNTAG_2
10-Apr-21,604,17_RB,1_UNTAG_2
10-Apr-21,604,17_RB,1_UNTAG_2
10-Apr-21,604,17_RB,1_UNTAG_2
10-Apr-21,604,17_RB,1_UNTAG_2
10-Apr-21,604,17_RB,18_YY
10-Apr-21,604,17_RB,18_YY
11-Apr-21,604,1_UNTAG_2,18_YY
11-Apr-21,604,17_RB,18_YY
12-Apr-21,604,1_UNTAG_2,18_YY
12-Apr-21,604,1_UNTAG_2,18_YY
12-Apr-21,604,1_UNTAG_2,18_YY
12-Apr-21,604,1_UNTAG_2,18_YY
12-Apr-21,604,1_UNTAG_2,18_YY
12-Apr-21,604,17_RB,1_UNTAG_2
12-Apr-21,604,17_RB,1_UNTAG_2
12-Apr-21,604,17_RB,1_UNTAG_2
12-Apr-21,604,17_RB,1_UNTAG_2
12-Apr-21,604,17_RB,1_UNTAG_2
12-Apr-21,604,17_RB,1_UNTAG_2
12-Apr-21,604,17_RB,18_YY
12-Apr-21,604,17_RB,18_YY
12-Apr-21,604,17_RB,18_YY
12-Apr-21,604,17_RB,18_YY
12-Apr-21,604,17_RB,18_YY
12-Apr-21,604,17_RB,18_YY